symbol,name,market_cap,sector,industry,sub_industry
A,"Agilent Technologies, Inc.",48714485760,Healthcare,Diagnostics & Research,
AA,Alcoa Corporation,11308519424,Basic Materials,Aluminum,
AAL,American Airlines Group Inc.,9181522944,Industrials,Airlines,
AAMI,Acadian Asset Management Inc.,3331813120,Financial Services,Asset Management,
AAOI,"Applied Optoelectronics, Inc.",8609498112,Technology,Communication Equipment,
AAON,"AAON, Inc.",7346619392,Industrials,Building Products & Equipment,
AAP,"Advance Auto Parts, Inc.",2520492032,Consumer Cyclical,Auto Parts,
AAPL,Apple Inc.,4977636933632,Technology,Consumer Electronics,
AAT,"American Assets Trust, Inc.",1674013952,Real Estate,REIT - Diversified,
AB,AllianceBernstein Holding L.P.,3328369664,Financial Services,Asset Management,
ABBV,AbbVie Inc.,467119767552,Healthcare,Drug Manufacturers - General,
ABCB,Ameris Bancorp,5522254848,Financial Services,Banks - Regional,
ABCL,AbCellera Biologics Inc.,4115401472,Healthcare,Biotechnology,
ABEV,Ambev S.A.,44861976576,Consumer Defensive,Beverages - Brewers,
ABG,"Asbury Automotive Group, Inc.",3323797248,Consumer Cyclical,Auto & Truck Dealerships,
ABM,ABM Industries Incorporated,2917834240,Industrials,Specialty Business Services,
ABNB,"Airbnb, Inc.",94290780160,Consumer Cyclical,Travel Services,
ABSI,Absci Corporation,1671520512,Healthcare,Biotechnology,
ABT,Abbott Laboratories,176428253184,Healthcare,Medical Devices,
ABTC,American Bitcoin Corp,1108559488,Financial Services,Capital Markets,
ABVX,ABIVAX Société Anonyme,7945330688,Healthcare,Biotechnology,
ACA,"Arcosa, Inc.",7200039936,Industrials,Engineering & Construction,
ACAD,Acadia Pharmaceuticals Inc.,3541157888,Healthcare,Biotechnology,
ACGL,Arch Capital Group Ltd.,32279060480,Financial Services,Insurance - Diversified,
ACHC,"Acadia Healthcare Company, Inc.",2615186688,Healthcare,Medical Care Facilities,
ACHR,Archer Aviation Inc.,4319850496,Industrials,Aerospace & Defense,
ACI,"Albertsons Companies, Inc.",5715714560,Consumer Defensive,Grocery Stores,
ACIW,"ACI Worldwide, Inc.",4998294016,Technology,Software - Infrastructure,
ACLS,"Axcelis Technologies, Inc.",3801819904,Technology,Semiconductor Equipment & Materials,
ACM,AECOM,7836325376,Industrials,Engineering & Construction,
ACMR,"ACM Research, Inc.",5383883264,Technology,Semiconductor Equipment & Materials,
ACN,Accenture plc,107769118720,Technology,Information Technology Services,
ACT,"Enact Holdings, Inc.",6457607680,Financial Services,Insurance - Specialty,
ACVA,ACV Auctions Inc.,1826158080,Consumer Cyclical,Auto & Truck Dealerships,
AD,"Array Digital Infrastructure, Inc.",2982659072,Communication Services,Telecom Services,
ADBE,Adobe Inc.,93599326208,Technology,Software - Application,
ADC,Agree Realty Corporation,8416701952,Real Estate,REIT - Retail,
ADEA,Adeia Inc.,2809938176,Technology,Software - Application,
ADI,"Analog Devices, Inc.",190724980736,Technology,Semiconductors,
ADM,Archer-Daniels-Midland Company,39096311808,Consumer Defensive,Farm Products,
ADMA,"ADMA Biologics, Inc.",2100976256,Healthcare,Biotechnology,
ADNT,Adient plc,1359218816,Consumer Cyclical,Auto Parts,
ADP,"Automatic Data Processing, Inc.",104479653888,Technology,Software - Application,
ADPT,Adaptive Biotechnologies Corporation,4696905728,Healthcare,Diagnostics & Research,
ADSK,"Autodesk, Inc.",43764596736,Technology,Software - Application,
ADT,ADT Inc.,4675579392,Industrials,Security & Protection Services,
ADUS,Addus HomeCare Corporation,2112665984,Healthcare,Medical Care Facilities,
AEE,Ameren Corporation,27515451392,Utilities,Utilities - Regulated Electric,
AEG,Aegon Ltd.,13157116928,Financial Services,Insurance - Diversified,
AEHR,"Aehr Test Systems, Inc.",3409329920,Technology,Semiconductor Equipment & Materials,
AEIS,"Advanced Energy Industries, Inc.",11201306624,Industrials,Electrical Equipment & Parts,
AEM,Agnico Eagle Mines Limited,98477834240,Basic Materials,Gold,
AEO,"American Eagle Outfitters, Inc.",2778365696,Consumer Cyclical,Apparel Retail,
AEP,"American Electric Power Company, Inc.",64429428736,Utilities,Utilities - Regulated Electric,
AER,AerCap Holdings N.V.,23453435904,Industrials,Rental & Leasing Services,
AERO,"Grupo Aeromexico, S.A.B. de C.V",2308191744,Industrials,Airlines,
AES,The AES Corporation,10604654592,Utilities,Utilities - Diversified,
AESI,Atlas Energy Solutions Inc.,1558793088,Energy,Oil & Gas Equipment & Services,
AEVA,"Aeva Technologies, Inc.",1069983424,Technology,Software - Infrastructure,
AFG,"American Financial Group, Inc.",11461404672,Financial Services,Insurance - Property & Casualty,
AFL,Aflac Incorporated,57012760576,Financial Services,Insurance - Life,
AFRM,"Affirm Holdings, Inc.",24132366336,Financial Services,Credit Services,
AFYA,Afya Limited,1150216832,Consumer Defensive,Education & Training Services,
AG,First Majestic Silver Corp.,9370149888,Basic Materials,Silver,
AGCO,AGCO Corporation,8265144320,Industrials,Farm & Heavy Construction Machinery,
AGI,Alamos Gold Inc.,14441854976,Basic Materials,Gold,
AGIO,"Agios Pharmaceuticals, Inc.",1945087360,Healthcare,Biotechnology,
AGL,"agilon health, inc.",1355554432,Healthcare,Medical Care Facilities,
AGM,Federal Agricultural Mortgage Corporation,2322695424,Financial Services,Credit Services,
AGNC,AGNC Investment Corp.,11404332032,Real Estate,REIT - Mortgage,
AGO,Assured Guaranty Ltd.,3056114944,Financial Services,Insurance - Specialty,
AGRO,Adecoagro S.A.,1505132160,Consumer Defensive,Farm Products,
AGX,"Argan, Inc.",5110931456,Industrials,Engineering & Construction,
AGYS,"Agilysys, Inc.",2810424576,Technology,Software - Application,
AHR,"American Healthcare REIT, Inc.",11340296192,Real Estate,REIT - Healthcare Facilities,
AI,"C3.ai, Inc.",1712305408,Technology,Software - Infrastructure,
AIG,"American International Group, Inc.",38782988288,Financial Services,Insurance - Diversified,
AIN,Albany International Corp.,1729085696,Consumer Cyclical,Textile Manufacturing,
AIP,"Arteris, Inc.",1174243712,Technology,Semiconductors,
AIR,AAR Corp.,4674454016,Industrials,Aerospace & Defense,
AIT,"Applied Industrial Technologies, Inc.",12246714368,Industrials,Industrial Distribution,
AIZ,"Assurant, Inc.",13070798848,Financial Services,Insurance - Property & Casualty,
AJG,Arthur J. Gallagher & Co.,59240402944,Financial Services,Insurance Brokers,
AKAM,"Akamai Technologies, Inc.",16375070720,Technology,Software - Infrastructure,
AKR,Acadia Realty Trust,2805059072,Real Estate,REIT - Retail,
ALAB,"Astera Labs, Inc.",63256137728,Technology,Semiconductors,
ALB,Albemarle Corporation,12948695040,Basic Materials,Specialty Chemicals,
ALC,Alcon Inc.,31164798976,Healthcare,Medical Instruments & Supplies,
ALG,Alamo Group Inc.,1940660352,Industrials,Farm & Heavy Construction Machinery,
ALGM,"Allegro MicroSystems, Inc.",6852139008,Technology,Semiconductors,
ALGN,"Align Technology, Inc.",10427230208,Healthcare,Medical Instruments & Supplies,
ALGT,Allegiant Travel Company,2162142976,Industrials,Airlines,
ALH,Alliance Laundry Holdings Inc.,4345529344,Consumer Cyclical,"Furnishings, Fixtures & Appliances",
ALHC,"Alignment Healthcare, Inc.",1703042560,Healthcare,Healthcare Plans,
ALK,"Alaska Air Group, Inc.",4567551488,Industrials,Airlines,
ALKS,Alkermes plc,6853129216,Healthcare,Drug Manufacturers - Specialty & Generic,
ALKT,"Alkami Technology, Inc.",1475799424,Technology,Software - Application,
ALL,The Allstate Corporation,57550471168,Financial Services,Insurance - Property & Casualty,
ALLE,Allegion plc,13135632384,Industrials,Security & Protection Services,
ALLY,Ally Financial Inc.,11799906304,Financial Services,Credit Services,
ALM,Almonty Industries Inc.,3892938240,Basic Materials,Other Industrial Metals & Mining,
ALNT,Allient Inc.,1972461440,Technology,Electronic Components,
ALNY,"Alnylam Pharmaceuticals, Inc.",34249783296,Healthcare,Biotechnology,
ALRM,"Alarm.com Holdings, Inc.",2620436480,Technology,Software - Application,
ALSN,"Allison Transmission Holdings, Inc.",9402335232,Consumer Cyclical,Auto Parts,
ALV,"Autoliv, Inc.",8606837760,Consumer Cyclical,Auto Parts,
AM,Antero Midstream Corporation,9934926848,Energy,Oil & Gas Midstream,
AMAL,Amalgamated Financial Corp.,1422649088,Financial Services,Banks - Regional,
AMAT,"Applied Materials, Inc.",384894763008,Technology,Semiconductor Equipment & Materials,
AMBA,"Ambarella, Inc.",3208165888,Technology,Semiconductor Equipment & Materials,
AMBP,Ardagh Metal Packaging S.A.,2617953792,Consumer Cyclical,Packaging & Containers,
AMBQ,"Ambiq Micro, Inc.",1687838848,Technology,Semiconductors,
AMC,"AMC Entertainment Holdings, Inc.",2624257536,Communication Services,Entertainment,
AMCR,Amcor plc,19654313984,Consumer Cyclical,Packaging & Containers,
AMD,"Advanced Micro Devices, Inc.",1029487722496,Technology,Semiconductors,
AME,"AMETEK, Inc.",57470361600,Industrials,Specialty Industrial Machinery,
AMG,"Affiliated Managers Group, Inc.",9663597568,Financial Services,Asset Management,
AMGN,Amgen Inc.,224151420928,Healthcare,Drug Manufacturers - General,
AMH,American Homes 4 Rent,12560928768,Real Estate,REIT - Residential,
AMKR,"Amkor Technology, Inc.",13288445952,Technology,Semiconductor Equipment & Materials,
AMLX,"Amylyx Pharmaceuticals, Inc.",3763706880,Healthcare,Drug Manufacturers - Specialty & Generic,
AMN,"AMN Healthcare Services, Inc.",1338508544,Healthcare,Medical Care Facilities,
AMP,"Ameriprise Financial, Inc.",43581198336,Financial Services,Asset Management,
AMPH,"Amphastar Pharmaceuticals, Inc.",1111516416,Healthcare,Drug Manufacturers - Specialty & Generic,
AMPL,"Amplitude, Inc.",1661383680,Technology,Software - Application,
AMPX,"Amprius Technologies, Inc.",1424286080,Industrials,Electrical Equipment & Parts,
AMR,"Alpha Metallurgical Resources, Inc.",2211605760,Basic Materials,Coking Coal,
AMRC,"Ameresco, Inc.",1139862272,Industrials,Engineering & Construction,
AMRX,"Amneal Pharmaceuticals, Inc.",6885812736,Healthcare,Drug Manufacturers - Specialty & Generic,
AMRZ,Amrize Ltd,20903497728,Basic Materials,Building Materials,
AMSC,American Superconductor Corporation,1453748736,Industrials,Specialty Industrial Machinery,
AMT,American Tower Corporation,78761230336,Real Estate,REIT - Specialty,
AMTB,Amerant Bancorp Inc.,1158844032,Financial Services,Banks - Regional,
AMTM,"Amentum Holdings, Inc.",4692078080,Industrials,Specialty Business Services,
AMX,"América Móvil, S.A.B. de C.V.",65865293824,Communication Services,Telecom Services,
AMZN,"Amazon.com, Inc.",2693018681344,Consumer Cyclical,Internet Retail,
AN,"AutoNation, Inc.",5520493056,Consumer Cyclical,Auto & Truck Dealerships,
ANAB,"AnaptysBio, Inc.",1524657408,Healthcare,Biotechnology,
ANDE,"The Andersons, Inc.",2280600064,Consumer Defensive,Food Distribution,
ANET,"Arista Networks, Inc.",260505960448,Technology,Computer Hardware,
ANF,Abercrombie & Fitch Co.,5758769664,Consumer Cyclical,Apparel Retail,
ANIP,"ANI Pharmaceuticals, Inc.",1699806080,Healthcare,Drug Manufacturers - Specialty & Generic,
ANRO,"Alto Neuroscience, Inc.",1039523328,Healthcare,Biotechnology,
AON,Aon plc,58968748032,Financial Services,Insurance Brokers,
AORT,"Artivion, Inc.",1103353216,Healthcare,Medical Devices,
AOS,A. O. Smith Corporation,7971038208,Industrials,Specialty Industrial Machinery,
APA,APA Corporation,14974024704,Energy,Oil & Gas E&P,
APAM,Artisan Partners Asset Management Inc.,2567230976,Financial Services,Asset Management,
APD,"Air Products and Chemicals, Inc.",62743879680,Basic Materials,Specialty Chemicals,
APG,APi Group Corporation,16620883968,Industrials,Engineering & Construction,
APH,Amphenol Corporation,207363145728,Technology,Electronic Components,
APLD,Applied Digital Corporation,7462974976,Technology,Information Technology Services,
APLE,"Apple Hospitality REIT, Inc.",3822179072,Real Estate,REIT - Hotel & Motel,
APO,"Apollo Global Management, Inc.",71863197696,Financial Services,Asset Management,
APP,AppLovin Corporation,103992647680,Communication Services,Advertising Agencies,
APPF,"AppFolio, Inc.",7232858112,Technology,Software - Application,
APPN,Appian Corporation,2579309824,Technology,Software - Infrastructure,
APPS,"Digital Turbine, Inc.",1344490496,Technology,Software - Application,
APTV,Aptiv PLC,9478483968,Consumer Cyclical,Auto Parts,
AQN,Algonquin Power & Utilities Corp.,3849509376,Utilities,Utilities - Diversified,
AR,Antero Resources Corporation,10760365056,Energy,Oil & Gas E&P,
ARCB,ArcBest Corporation,2797495552,Industrials,Trucking,
ARCC,Ares Capital Corporation,13786039296,Financial Services,Asset Management,
ARCO,Arcos Dorados Holdings Inc.,1525200512,Consumer Cyclical,Restaurants,
ARDT,"Ardent Health, Inc.",1486623872,Healthcare,Medical Care Facilities,
ARE,"Alexandria Real Estate Equities, Inc.",8592717824,Real Estate,REIT - Office,
ARES,Ares Management Corporation,40479981568,Financial Services,Asset Management,
ARGX,argenx SE,60026646528,Healthcare,Biotechnology,
ARHS,"Arhaus, Inc.",1376409344,Consumer Cyclical,Specialty Retail,
ARLO,"Arlo Technologies, Inc.",1381754880,Industrials,Building Products & Equipment,
ARLP,"Alliance Resource Partners, L.P.",3235768832,Energy,Thermal Coal,
ARM,Arm Holdings plc,331421319168,Technology,Semiconductors,
ARMK,Aramark,14478286848,Industrials,Specialty Business Services,
AROC,"Archrock, Inc.",5335541248,Energy,Oil & Gas Equipment & Services,
ARQT,"Arcutis Biotherapeutics, Inc.",3383627520,Healthcare,Biotechnology,
ARR,"ARMOUR Residential REIT, Inc.",1995897856,Real Estate,REIT - Mortgage,
ARW,"Arrow Electronics, Inc.",11850782720,Technology,Electronics & Computer Distribution,
ARWR,"Arrowhead Pharmaceuticals, Inc.",9285295104,Healthcare,Biotechnology,
ARX,Accelerant Holdings,4289473792,Financial Services,Insurance Brokers,
AS,"Amer Sports, Inc.",16157197312,Consumer Cyclical,Leisure,
ASA,ASA Gold and Precious Metals Limited,1040464320,Financial Services,Asset Management,
ASAN,"Asana, Inc.",2065310464,Technology,Software - Application,
ASB,Associated Banc-Corp,5542647808,Financial Services,Banks - Regional,
ASH,Ashland Inc.,3162489856,Basic Materials,Specialty Chemicals,
ASM,Avino Silver & Gold Mines Ltd.,1008940288,Basic Materials,Other Precious Metals & Mining,
ASML,ASML Holding N.V.,669847322624,Technology,Semiconductor Equipment & Materials,
ASND,Ascendis Pharma A/S,14840728576,Healthcare,Biotechnology,
ASO,"Academy Sports and Outdoors, Inc.",3025986816,Consumer Cyclical,Specialty Retail,
ASR,"Grupo Aeroportuario del Sureste, S. A. B. de C. V.",7304099328,Industrials,Airports & Air Services,
ASST,"Strive, Inc.",2855758080,Financial Services,Asset Management,
ASTH,"Astrana Health, Inc.",1804110848,Healthcare,Medical Care Facilities,
ASTS,"AST SpaceMobile, Inc.",24054441984,Technology,Communication Equipment,
ASX,"ASE Technology Holding Co., Ltd.",115368419328,Technology,Semiconductors,
ATAT,Atour Lifestyle Holdings Limited,4453733376,Consumer Cyclical,Lodging,
ATEC,"Alphatec Holdings, Inc.",1556347776,Healthcare,Medical Devices,
ATEN,"A10 Networks, Inc.",1868230144,Technology,Software - Infrastructure,
ATEX,Anterix Inc.,1596628736,Communication Services,Telecom Services,
ATHM,Autohome Inc.,2456595456,Communication Services,Internet Content & Information,
ATI,ATI Inc.,25256882176,Industrials,Metal Fabrication,
ATKR,Atkore Inc.,3193918720,Industrials,Electrical Equipment & Parts,
ATMU,Atmus Filtration Technologies Inc.,3648135936,Consumer Cyclical,Auto Parts,
ATO,Atmos Energy Corporation,26566692864,Utilities,Utilities - Regulated Gas,
ATR,"AptarGroup, Inc.",7875794432,Healthcare,Medical Instruments & Supplies,
ATRC,"AtriCure, Inc.",2969574400,Healthcare,Medical Instruments & Supplies,
ATRO,Astronics Corporation,2977087488,Industrials,Aerospace & Defense,
ATS,ATS Corporation,1874223744,Industrials,Specialty Industrial Machinery,
AU,AngloGold Ashanti plc,50086326272,Basic Materials,Gold,
AUB,Atlantic Union Bankshares Corporation,5538361344,Financial Services,Banks - Regional,
AUGO,Aura Minerals Inc.,7006244864,Basic Materials,Gold,
AUPH,Aurinia Pharmaceuticals Inc.,2187361280,Healthcare,Biotechnology,
AUR,"Aurora Innovation, Inc.",12105097216,Consumer Cyclical,Auto Parts,
AVA,Avista Corporation,2940561920,Utilities,Utilities - Diversified,
AVAH,Aveanna Healthcare Holdings Inc.,2708987392,Healthcare,Medical Care Facilities,
AVAV,"AeroVironment, Inc.",7727288320,Industrials,Aerospace & Defense,
AVBP,"ArriVent BioPharma, Inc.",1402804864,Healthcare,Biotechnology,
AVGO,Broadcom Inc.,1684184367104,Technology,Semiconductors,
AVNT,Avient Corporation,3786182912,Basic Materials,Specialty Chemicals,
AVO,"Mission Produce, Inc.",1152094208,Consumer Defensive,Food Distribution,
AVPT,"AvePoint, Inc.",2750350592,Technology,Software - Infrastructure,
AVT,"Avnet, Inc.",8459671552,Technology,Electronics & Computer Distribution,
AVTR,"Avantor, Inc.",10314472448,Healthcare,Medical Instruments & Supplies,
AVY,Avery Dennison Corporation,13029371904,Consumer Cyclical,Packaging & Containers,
AWI,"Armstrong World Industries, Inc.",6880810496,Industrials,Building Products & Equipment,
AWK,"American Water Works Company, Inc.",26015612928,Utilities,Utilities - Regulated Water,
AWR,American States Water Company,3281829888,Utilities,Utilities - Regulated Water,
AX,"Axos Financial, Inc.",5022097920,Financial Services,Banks - Regional,
AXGN,"Axogen, Inc.",2545756928,Healthcare,Medical Devices,
AXON,"Axon Enterprise, Inc.",34941022208,Industrials,Aerospace & Defense,
AXP,American Express Company,208596467712,Financial Services,Credit Services,
AXS,AXIS Capital Holdings Limited,6963159040,Financial Services,Insurance - Specialty,
AXSM,"Axsome Therapeutics, Inc.",10218973184,Healthcare,Biotechnology,
AXTA,Axalta Coating Systems Ltd.,7039117824,Basic Materials,Specialty Chemicals,
AXTI,"AXT, Inc.",5176349696,Technology,Semiconductor Equipment & Materials,
AYI,Acuity Inc.,9562012672,Industrials,Electrical Equipment & Parts,
AZN,AstraZeneca PLC,258346582016,Healthcare,Drug Manufacturers - General,
AZO,"AutoZone, Inc.",46451441664,Consumer Cyclical,Auto Parts,
AZTA,"Azenta, Inc.",1490361472,Healthcare,Medical Instruments & Supplies,
AZZ,AZZ Inc.,4122164224,Industrials,Specialty Business Services,
B,Barrick Mining Corporation,70575521792,Basic Materials,Gold,
BA,The Boeing Company,156434202624,Industrials,Aerospace & Defense,
BABA,Alibaba Group Holding Limited,272854040576,Consumer Cyclical,Internet Retail,
BAC,Bank of America Corporation,396488835072,Financial Services,Banks - Diversified,
BAH,Booz Allen Hamilton Holding Corporation,8774789120,Industrials,Consulting Services,
BALL,Ball Corporation,15130789888,Consumer Cyclical,Packaging & Containers,
BAM,Brookfield Asset Management Ulc,71221444608,Financial Services,Asset Management,
BANC,"Banc of California, Inc.",2842195712,Financial Services,Banks - Regional,
BAND,Bandwidth Inc.,1989094528,Technology,Software - Infrastructure,
BANF,BancFirst Corporation,3651176192,Financial Services,Banks - Regional,
BANR,Banner Corporation,2345978112,Financial Services,Banks - Regional,
BAP,Credicorp Ltd.,30668564480,Financial Services,Banks - Regional,
BATRA,"Atlanta Braves Holdings, Inc.",3787830784,Communication Services,Entertainment,
BATRK,"Atlanta Braves Holdings, Inc.",3481750016,Communication Services,Entertainment,
BAX,Baxter International Inc.,12082196480,Healthcare,Medical Instruments & Supplies,
BB,BlackBerry Limited,4819534848,Technology,Software - Infrastructure,
BBAI,"BigBear.ai Holdings, Inc.",1342584576,Technology,Information Technology Services,
BBAR,Banco BBVA Argentina S.A.,2685712384,Financial Services,Banks - Regional,
BBD,Banco Bradesco S.A.,36109094912,Financial Services,Banks - Regional,
BBIO,"BridgeBio Pharma, Inc.",12818475008,Healthcare,Biotechnology,
BBNX,"Beta Bionics, Inc.",1160382976,Healthcare,Medical Devices,
BBT,Beacon Financial Corporation,2362775552,Financial Services,Banks - Regional,
BBUC,Brookfield Business Corporation,5230553600,Industrials,Conglomerates,
BBVA,"Banco Bilbao Vizcaya Argentaria, S.A.",159313477632,Financial Services,Banks - Diversified,
BBWI,"Bath & Body Works, Inc.",3317065472,Consumer Cyclical,Specialty Retail,
BBY,"Best Buy Co., Inc.",18982453248,Consumer Cyclical,Specialty Retail,
BC,Brunswick Corporation,4353739264,Consumer Cyclical,Recreational Vehicles,
BCAX,Bicara Therapeutics Inc.,1271182080,Healthcare,Biotechnology,
BCC,Boise Cascade Company,2691518976,Basic Materials,Lumber & Wood Production,
BCE,BCE Inc.,19555065856,Communication Services,Telecom Services,
BCH,Banco de Chile,21233790976,Financial Services,Banks - Regional,
BCO,The Brink's Company,4399876608,Industrials,Security & Protection Services,
BCPC,Balchem Corporation,5352000512,Basic Materials,Specialty Chemicals,
BCRX,"BioCryst Pharmaceuticals, Inc.",2195046656,Healthcare,Drug Manufacturers - Specialty & Generic,
BCS,Barclays PLC,82982977536,Financial Services,Banks - Diversified,
BDC,Belden Inc.,4394342400,Technology,Communication Equipment,
BDX,"Becton, Dickinson and Company",50070147072,Healthcare,Medical Instruments & Supplies,
BE,Bloom Energy Corporation,85030051840,Industrials,Electrical Equipment & Parts,
BEAM,Beam Therapeutics Inc.,2506791680,Healthcare,Biotechnology,
BEKE,KE Holdings Inc.,17970208768,Real Estate,Real Estate Services,
BELFB,Bel Fuse Inc.,3593935872,Technology,Electronic Components,
BEN,Franklin Templeton Inc.,16776698880,Financial Services,Asset Management,
BEP,Brookfield Renewable Partners L.P.,13820434432,Utilities,Utilities - Renewable,
BEPC,Brookfield Renewable Corporation,5285254144,Utilities,Utilities - Renewable,
BETA,"BETA Technologies, Inc.",5706291712,Industrials,Aerospace & Defense,
BFAM,Bright Horizons Family Solutions Inc.,3203121152,Consumer Cyclical,Personal Services,
BFH,"Bread Financial Holdings, Inc.",3953726976,Financial Services,Credit Services,
BFLY,"Butterfly Network, Inc.",2500418048,Healthcare,Medical Devices,
BFS,"Saul Centers, Inc.",1041870144,Real Estate,REIT - Retail,
BFST,"Business First Bancshares, Inc.",1004489472,Financial Services,Banks - Regional,
BG,Bunge Global SA,20940984320,Consumer Defensive,Farm Products,
BGC,"BGC Group, Inc.",5629523968,Financial Services,Capital Markets,
BHC,Bausch Health Companies Inc.,2128006272,Healthcare,Drug Manufacturers - Specialty & Generic,
BHE,"Benchmark Electronics, Inc.",2964112640,Technology,Electronic Components,
BHF,"Brighthouse Financial, Inc.",3061915648,Financial Services,Insurance - Life,
BHP,BHP Group Limited,215949295616,Basic Materials,Other Industrial Metals & Mining,
BHVN,Biohaven Ltd.,1962058624,Healthcare,Biotechnology,
BIDU,"Baidu, Inc.",29748408320,Communication Services,Internet Content & Information,
BIIB,Biogen Inc.,33628811264,Healthcare,Drug Manufacturers - General,
BILI,Bilibili Inc.,6135700480,Communication Services,Internet Content & Information,
BILL,"BILL Holdings, Inc.",4407155200,Technology,Software - Application,
BIO,"Bio-Rad Laboratories, Inc.",10196168704,Healthcare,Medical Devices,
BIP,Brookfield Infrastructure Partners L.P.,27523833856,Utilities,Utilities - Diversified,
BIPC,Brookfield Infrastructure Corporation,4300625408,Utilities,Utilities - Regulated Gas,
BIRK,Birkenstock Holding plc,5548240384,Consumer Cyclical,Footwear & Accessories,
BJ,"BJ's Wholesale Club Holdings, Inc.",11847054336,Consumer Defensive,Discount Stores,
BJRI,"BJ's Restaurants, Inc.",1279191424,Consumer Cyclical,Restaurants,
BKD,Brookdale Senior Living Inc.,2653259520,Healthcare,Medical Care Facilities,
BKE,"The Buckle, Inc.",2177430528,Consumer Cyclical,Apparel Retail,
BKH,Black Hills Corporation,5372796416,Utilities,Utilities - Regulated Gas,
BKNG,Booking Holdings Inc.,127041323008,Consumer Cyclical,Travel Services,
BKR,Baker Hughes Company,57406341120,Energy,Oil & Gas Equipment & Services,
BKU,"BankUnited, Inc.",3108575232,Financial Services,Banks - Regional,
BKV,BKV Corporation,2386839040,Energy,Oil & Gas E&P,
BL,"BlackLine, Inc.",1626926336,Technology,Software - Application,
BLBD,Blue Bird Corporation,1841011456,Industrials,Farm & Heavy Construction Machinery,
BLCO,Bausch + Lomb Corporation,6021806080,Healthcare,Medical Instruments & Supplies,
BLDR,"Builders FirstSource, Inc.",6366481920,Industrials,Building Products & Equipment,
BLFS,"BioLife Solutions, Inc.",1883059072,Healthcare,Medical Instruments & Supplies,
BLK,"BlackRock, Inc.",176499523584,Financial Services,Asset Management,
BLKB,"Blackbaud, Inc.",1960398208,Technology,Software - Application,
BLLN,"BillionToOne, Inc.",5807780864,Healthcare,Diagnostics & Research,
BLSH,Bullish,5698945536,Technology,Software - Infrastructure,
BLX,Bladex Inc.,2037981696,Financial Services,Banks - Regional,
BMA,Banco Macro S.A.,4402841600,Financial Services,Banks - Regional,
BMI,"Badger Meter, Inc.",3753217024,Technology,Scientific & Technical Instruments,
BMNR,"Bitmine Immersion Technologies, Inc.",16624918528,Financial Services,Capital Markets,
BMO,Bank of Montreal,119764393984,Financial Services,Banks - Diversified,
BMRN,BioMarin Pharmaceutical Inc.,11664754688,Healthcare,Biotechnology,
BMY,Bristol-Myers Squibb Company,128405045248,Healthcare,Drug Manufacturers - General,
BN,Brookfield Corporation,82306793472,Financial Services,Asset Management,
BNL,"Broadstone Net Lease, Inc.",4025874944,Real Estate,REIT - Diversified,
BNS,The Bank of Nova Scotia,113747075072,Financial Services,Banks - Diversified,
BNT,Brookfield Wealth Solutions Ltd.,10102451200,Financial Services,Insurance - Diversified,
BNTX,BioNTech SE,24748652544,Healthcare,Biotechnology,
BNY,The Bank of New York Mellon Corporation,101877391360,Financial Services,Banks - Diversified,
BOH,Bank of Hawaii Corporation,2826620928,Financial Services,Banks - Regional,
BOKF,BOK Financial Corporation,8006344192,Financial Services,Banks - Regional,
BOOT,"Boot Barn Holdings, Inc.",3734121472,Consumer Cyclical,Apparel Retail,
BORR,Borr Drilling Limited,1295753472,Energy,Oil & Gas Drilling,
BOX,"Box, Inc.",4306732032,Technology,Software - Infrastructure,
BP,BP p.l.c.,113701371904,Energy,Oil & Gas Integrated,
BPOP,"Popular, Inc.",10235173888,Financial Services,Banks - Regional,
BR,"Broadridge Financial Solutions, Inc.",18941360128,Technology,Information Technology Services,
BRC,Brady Corporation,3940472064,Industrials,Security & Protection Services,
BRKR,Bruker Corporation,9778420736,Healthcare,Medical Devices,
BRO,"Brown & Brown, Inc.",20351002624,Financial Services,Insurance Brokers,
BROS,Dutch Bros Inc.,6645770752,Consumer Cyclical,Restaurants,
BRSL,Brightstar Lottery PLC,1820113792,Consumer Cyclical,Gambling,
BRX,Brixmor Property Group Inc.,8613906432,Real Estate,REIT - Retail,
BRZE,"Braze, Inc.",2768052480,Technology,Software - Application,
BSAC,Banco Santander-Chile,16192233472,Financial Services,Banks - Regional,
BSBR,Banco Santander (Brasil) S.A.,43128160256,Financial Services,Banks - Regional,
BSM,"Black Stone Minerals, L.P.",3064240384,Energy,Oil & Gas E&P,
BSX,Boston Scientific Corporation,63650160640,Healthcare,Medical Devices,
BSY,"Bentley Systems, Incorporated",9497800704,Technology,Software - Application,
BTDR,Bitdeer Technologies Group,3128213760,Technology,Software - Application,
BTE,Baytex Energy Corp.,3167376128,Energy,Oil & Gas E&P,
BTG,B2Gold Corp.,7239467520,Basic Materials,Gold,
BTI,British American Tobacco p.l.c.,119735042048,Consumer Defensive,Tobacco,
BTSG,"BrightSpring Health Services, Inc.",11197136896,Healthcare,Health Information Services,
BTU,Peabody Energy Corporation,3101136128,Energy,Thermal Coal,
BUD,Anheuser-Busch InBev SA/NV,153592053760,Consumer Defensive,Beverages - Brewers,
BULL,Webull Corporation,3809006080,Technology,Software - Application,
BURL,"Burlington Stores, Inc.",15998402560,Consumer Cyclical,Apparel Retail,
BUSE,First Busey Corporation,2484740864,Financial Services,Banks - Regional,
BVN,Compañía de Minas Buenaventura S.A.A.,8424743936,Basic Materials,Other Precious Metals & Mining,
BWA,BorgWarner Inc.,12488820736,Consumer Cyclical,Auto Parts,
BWIN,"The Baldwin Insurance Group, Inc.",3084308736,Financial Services,Insurance Brokers,
BWXT,"BWX Technologies, Inc.",12686896128,Industrials,Aerospace & Defense,
BX,Blackstone Inc.,141547159552,Financial Services,Asset Management,
BXMT,"Blackstone Mortgage Trust, Inc.",2106794752,Real Estate,REIT - Mortgage,
BXP,"BXP, Inc.",11467628544,Real Estate,REIT - Office,
BXSL,Blackstone Secured Lending Fund,5745041920,Financial Services,Asset Management,
BY,"Byline Bancorp, Inc.",1691779456,Financial Services,Banks - Regional,
BYD,Boyd Gaming Corporation,5175245312,Consumer Cyclical,Resorts & Casinos,
BZ,Kanzhun Limited,6177418240,Communication Services,Internet Content & Information,
C,Citigroup Inc.,225246216192,Financial Services,Banks - Diversified,
CAAP,Corporación América Airports S.A.,3901309440,Industrials,Airports & Air Services,
CACC,Credit Acceptance Corporation,5812452352,Financial Services,Credit Services,
CACI,CACI International Inc,13664622592,Technology,Information Technology Services,
CAE,CAE Inc.,8001168384,Industrials,Aerospace & Defense,
CAG,"Conagra Brands, Inc.",6853059584,Consumer Defensive,Packaged Foods,
CAH,"Cardinal Health, Inc.",50993999872,Healthcare,Medical Distribution,
CAI,"Caris Life Sciences, Inc.",9037393920,Healthcare,Biotechnology,
CAKE,The Cheesecake Factory Incorporated,5199488512,Consumer Cyclical,Restaurants,
CALM,"Cal-Maine Foods, Inc.",3149384960,Consumer Defensive,Farm Products,
CALX,"Calix, Inc.",2086626560,Technology,Software - Infrastructure,
CAMT,Camtek Ltd.,6862555648,Technology,Semiconductor Equipment & Materials,
CAR,"Avis Budget Group, Inc.",3825425664,Industrials,Rental & Leasing Services,
CARG,"CarGurus, Inc.",2787999744,Communication Services,Internet Content & Information,
CARR,Carrier Global Corporation,46819815424,Industrials,Building Products & Equipment,
CART,Maplebear Inc.,9998487552,Consumer Cyclical,Internet Retail,
CASH,"Pathward Financial, Inc.",1533074176,Financial Services,Banks - Regional,
CASY,"Casey's General Stores, Inc.",22119182336,Consumer Cyclical,Specialty Retail,
CAT,Caterpillar Inc.,377659686912,Industrials,Farm & Heavy Construction Machinery,
CATY,Cathay General Bancorp,4099564288,Financial Services,Banks - Regional,
CAVA,"CAVA Group, Inc.",6024864256,Consumer Cyclical,Restaurants,
CB,Chubb Limited,128614105088,Financial Services,Insurance - Property & Casualty,
CBC,"Central Bancompany, Inc.",7678535168,Financial Services,Banks - Regional,
CBL,"CBL & Associates Properties, Inc.",1606238464,Real Estate,REIT - Retail,
CBOE,"Cboe Global Markets, Inc.",26946334720,Financial Services,Financial Data & Stock Exchanges,
CBRE,"CBRE Group, Inc.",38962356224,Real Estate,Real Estate Services,
CBRL,"Cracker Barrel Old Country Store, Inc.",1158079488,Consumer Cyclical,Restaurants,
CBSH,"Commerce Bancshares, Inc.",8095311872,Financial Services,Banks - Regional,
CBT,Cabot Corporation,4065702912,Basic Materials,Specialty Chemicals,
CBU,"Community Financial System, Inc.",3239561216,Financial Services,Banks - Regional,
CBZ,"CBIZ, Inc.",3004145408,Industrials,Specialty Business Services,
CC,The Chemours Company,2176215552,Basic Materials,Specialty Chemicals,
CCC,CCC Intelligent Solutions Holdings Inc.,4064063488,Technology,Software - Application,
CCEC,Capital Clean Energy Carriers Corp.,1309613056,Industrials,Marine Shipping,
CCEP,Coca-Cola Europacific Partners PLC,44769792000,Consumer Defensive,Beverages - Non-Alcoholic,
CCI,Crown Castle Inc.,28862894080,Real Estate,REIT - Specialty,
CCJ,Cameco Corporation,38357389312,Energy,Uranium,
CCK,"Crown Holdings, Inc.",11752660992,Consumer Cyclical,Packaging & Containers,
CCL,Carnival Corporation Ltd.,30474694656,Consumer Cyclical,Travel Services,
CCNE,CNB Financial Corporation,1009775936,Financial Services,Banks - Regional,
CCO,"Clear Channel Outdoor Holdings, Inc.",1201461504,Communication Services,Advertising Agencies,
CCS,"Century Communities, Inc.",1781587968,Real Estate,Real Estate - Development,
CCU,Compañía Cervecerías Unidas S.A.,2036532608,Consumer Defensive,Beverages - Brewers,
CDE,"Coeur Mining, Inc.",19756908544,Basic Materials,Gold,
CDNA,"CareDx, Inc.",3294435328,Healthcare,Diagnostics & Research,
CDNS,"Cadence Design Systems, Inc.",89951870976,Technology,Software - Application,
CDP,COPT Defense Properties,3924810240,Real Estate,REIT - Office,
CDRE,"Cadre Holdings, Inc.",1130039168,Industrials,Aerospace & Defense,
CDW,CDW Corporation,16931108864,Technology,Information Technology Services,
CE,Celanese Corporation,5168076800,Basic Materials,Chemicals,
CECO,CECO Environmental Corp.,4304882688,Industrials,Pollution & Treatment Controls,
CEG,Constellation Energy Corporation,93278502912,Utilities,Utilities - Independent Power Producers,
CELC,Celcuity Inc.,3891065088,Healthcare,Biotechnology,
CELH,"Celsius Holdings, Inc.",7082450944,Consumer Defensive,Beverages - Non-Alcoholic,
CENT,Central Garden & Pet Company,2473033472,Consumer Defensive,Packaged Foods,
CENTA,Central Garden & Pet Company,2131904000,Consumer Defensive,Packaged Foods,
CENX,Century Aluminum Company,3800352512,Basic Materials,Aluminum,
CEPU,Central Puerto S.A.,1976818688,Utilities,Utilities - Regulated Electric,
CERT,"Certara, Inc.",1389628288,Healthcare,Health Information Services,
CEVA,"CEVA, Inc.",1019177408,Technology,Semiconductors,
CF,"CF Industries Holdings, Inc.",17353943040,Basic Materials,Agricultural Inputs,
CFFN,"Capitol Federal Financial, Inc.",1070846848,Financial Services,Banks - Regional,
CFG,"Citizens Financial Group, Inc.",27599714304,Financial Services,Banks - Regional,
CFR,"Cullen/Frost Bankers, Inc.",9783461888,Financial Services,Banks - Regional,
CG,The Carlyle Group Inc.,14264001536,Financial Services,Asset Management,
CGAU,Centerra Gold Inc.,4480304128,Basic Materials,Gold,
CGNX,Cognex Corporation,9868010496,Technology,Scientific & Technical Instruments,
CGON,"CG Oncology, Inc.",5952201216,Healthcare,Biotechnology,
CHCO,City Holding Company,1993991424,Financial Services,Banks - Regional,
CHD,"Church & Dwight Co., Inc.",22861711360,Consumer Defensive,Household & Personal Products,
CHDN,Churchill Downs Incorporated,5559987712,Consumer Cyclical,Gambling,
CHE,Chemed Corporation,6693911040,Healthcare,Medical Care Facilities,
CHEF,"The Chefs' Warehouse, Inc.",4498584064,Consumer Defensive,Food Distribution,
CHH,"Choice Hotels International, Inc.",4582327808,Consumer Cyclical,Lodging,
CHKP,Check Point Software Technologies Ltd.,13399687168,Technology,Software - Infrastructure,
CHRD,Chord Energy Corporation,7453679104,Energy,Oil & Gas E&P,
CHRW,"C.H. Robinson Worldwide, Inc.",17188820992,Industrials,Integrated Freight & Logistics,
CHT,"Chunghwa Telecom Co., Ltd.",35800616960,Communication Services,Telecom Services,
CHTR,"Charter Communications, Inc.",14673513472,Communication Services,Telecom Services,
CHWY,"Chewy, Inc.",7343211520,Consumer Cyclical,Internet Retail,
CHYM,"Chime Financial, Inc.",10138509312,Technology,Software - Application,
CI,The Cigna Group,71876059136,Healthcare,Healthcare Plans,
CIB,Grupo Cibest S.A.,22471147520,Financial Services,Banks - Regional,
CIEN,Ciena Corporation,50612883456,Technology,Communication Equipment,
CIFR,Cipher Digital Inc.,7358494720,Technology,Information Technology Services,
CIG,Companhia Energética de Minas Gerais - CEMIG,5893004800,Utilities,Utilities - Regulated Electric,
CIGI,Colliers International Group Inc.,4620807168,Real Estate,Real Estate Services,
CINF,Cincinnati Financial Corporation,24946321408,Financial Services,Insurance - Property & Casualty,
CL,Colgate-Palmolive Company,68604690432,Consumer Defensive,Household & Personal Products,
CLBK,"Columbia Financial, Inc.",1178979712,Financial Services,Banks - Regional,
CLBT,Cellebrite DI Ltd.,2711970048,Technology,Software - Infrastructure,
CLDX,"Celldex Therapeutics, Inc.",2442268672,Healthcare,Biotechnology,
CLF,Cleveland-Cliffs Inc.,6949177856,Basic Materials,Steel,
CLH,"Clean Harbors, Inc.",16524520448,Industrials,Waste Management,
CLMT,"Calumet, Inc.",4715740160,Basic Materials,Specialty Chemicals,
CLOV,"Clover Health Investments, Corp.",2384891392,Healthcare,Healthcare Plans,
CLS,Celestica Inc.,46086049792,Technology,Electronic Components,
CLSK,"CleanSpark, Inc.",3582598144,Financial Services,Capital Markets,
CLVT,Clarivate Plc,1137805312,Technology,Information Technology Services,
CLX,The Clorox Company,10134019072,Consumer Defensive,Household & Personal Products,
CM,Canadian Imperial Bank of Commerce,103141466112,Financial Services,Banks - Diversified,
CMBT,Cmb.Tech NV,5516127232,Energy,Oil & Gas Midstream,
CMC,Commercial Metals Company,7271337984,Industrials,Metal Fabrication,
CMCSA,Comcast Corporation,77750632448,Communication Services,Telecom Services,
CME,CME Group Inc.,95101526016,Financial Services,Financial Data & Stock Exchanges,
CMG,"Chipotle Mexican Grill, Inc.",39645544448,Consumer Cyclical,Restaurants,
CMI,Cummins Inc.,72452538368,Industrials,Specialty Industrial Machinery,
CMPR,Cimpress plc,1942844672,Industrials,Specialty Business Services,
CMPS,COMPASS Pathways plc,1808507264,Healthcare,Medical Care Facilities,
CMRE,Costamare Inc.,1756569600,Industrials,Marine Shipping,
CMS,CMS Energy Corporation,19446489088,Utilities,Utilities - Regulated Electric,
CNA,CNA Financial Corporation,12442230784,Financial Services,Insurance - Property & Casualty,
CNC,Centene Corporation,30538770432,Healthcare,Healthcare Plans,
CNH,CNH Industrial N.V.,21050798080,Industrials,Farm & Heavy Construction Machinery,
CNI,Canadian National Railway Company,73053806592,Industrials,Railroads,
CNK,"Cinemark Holdings, Inc.",4377990656,Communication Services,Entertainment,
CNM,"Core & Main, Inc.",7864670720,Industrials,Industrial Distribution,
CNMD,CONMED Corporation,1359187712,Healthcare,Medical Devices,
CNO,"CNO Financial Group, Inc.",4994303488,Financial Services,Insurance - Life,
CNOB,"ConnectOne Bancorp, Inc.",1562934016,Financial Services,Banks - Regional,
CNP,"CenterPoint Energy, Inc.",24267253760,Utilities,Utilities - Regulated Electric,
CNQ,Canadian Natural Resources Limited,97735712768,Energy,Oil & Gas E&P,
CNR,"Core Natural Resources, Inc.",4418619392,Energy,Thermal Coal,
CNS,"Cohen & Steers, Inc.",3815477504,Financial Services,Asset Management,
CNX,CNX Resources Corporation,4851072000,Energy,Oil & Gas E&P,
CNXC,Concentrix Corporation,1652376960,Technology,Information Technology Services,
CNXN,"PC Connection, Inc.",2254267136,Technology,Electronics & Computer Distribution,
COCO,"The Vita Coco Company, Inc.",3390260736,Consumer Defensive,Beverages - Non-Alcoholic,
COF,Capital One Financial Corporation,122822705152,Financial Services,Credit Services,
COGT,"Cogent Biosciences, Inc.",5606592000,Healthcare,Biotechnology,
COHR,Coherent Corp.,57933049856,Technology,Scientific & Technical Instruments,
COHU,"Cohu, Inc.",3171674880,Technology,Semiconductor Equipment & Materials,
COIN,"Coinbase Global, Inc.",51477221376,Financial Services,Financial Data & Stock Exchanges,
COKE,"Coca-Cola Consolidated, Inc.",12666519552,Consumer Defensive,Beverages - Non-Alcoholic,
COLB,"Columbia Banking System, Inc.",8382695424,Financial Services,Banks - Regional,
COLD,"Americold Realty Trust, Inc.",4228122880,Real Estate,REIT - Industrial,
COLM,Columbia Sportswear Company,2948727808,Consumer Cyclical,Apparel Manufacturing,
COMP,"Compass, Inc.",7200506368,Real Estate,Real Estate Services,
CON,"Concentra Group Holdings Parent, Inc.",4464395776,Healthcare,Medical Care Facilities,
COO,"The Cooper Companies, Inc.",10530800640,Healthcare,Medical Instruments & Supplies,
COP,ConocoPhillips,152930271232,Energy,Oil & Gas E&P,
COR,"Cencora, Inc.",58568675328,Healthcare,Medical Distribution,
CORT,Corcept Therapeutics Incorporated,12550223872,Healthcare,Biotechnology,
CORZ,"Core Scientific, Inc.",5572043264,Technology,Software - Infrastructure,
COST,Costco Wholesale Corporation,409030328320,Consumer Defensive,Discount Stores,
COTY,Coty Inc.,2333819136,Consumer Defensive,Household & Personal Products,
COUR,"Coursera, Inc.",1335220096,Consumer Defensive,Education & Training Services,
CP,Canadian Pacific Kansas City Limited,76400779264,Industrials,Railroads,
CPA,"Copa Holdings, S.A.",5458373632,Industrials,Airlines,
CPAY,"Corpay, Inc.",26139742208,Technology,Software - Infrastructure,
CPB,The Campbell's Company,5776806400,Consumer Defensive,Packaged Foods,
CPK,Chesapeake Utilities Corporation,3104188416,Utilities,Utilities - Regulated Gas,
CPNG,"Coupang, Inc.",24915490816,Consumer Cyclical,Internet Retail,
CPRI,Capri Holdings Limited,1716139392,Consumer Cyclical,Luxury Goods,
CPRT,"Copart, Inc.",26577678336,Industrials,Specialty Business Services,
CPT,Camden Property Trust,9864921088,Real Estate,REIT - Residential,
CQP,"Cheniere Energy Partners, L.P.",30703779840,Energy,Oil & Gas Midstream,
CR,Crane Company,11954847744,Industrials,Specialty Industrial Machinery,
CRBG,"Corebridge Financial, Inc.",15544086528,Financial Services,Asset Management,
CRC,California Resources Corporation,4663932416,Energy,Oil & Gas E&P,
CRCL,Circle Internet Group,24260876288,Financial Services,Capital Markets,
CRCT,"Cricut, Inc.",1285988736,Technology,Computer Hardware,
CRDO,Credo Technology Group Holding Ltd,39652216832,Technology,Semiconductors,
CRGY,Crescent Energy Company,4344808448,Energy,Oil & Gas E&P,
CRH,CRH plc,56575791104,Basic Materials,Building Materials,
CRI,"Carter's, Inc.",1149427200,Consumer Cyclical,Apparel Retail,
CRK,"Comstock Resources, Inc.",3852301568,Energy,Oil & Gas E&P,
CRL,"Charles River Laboratories International, Inc.",13979850752,Healthcare,Diagnostics & Research,
CRM,"Salesforce, Inc.",192598458368,Technology,Software - Application,
CRML,Critical Metals Corp.,1150138880,Basic Materials,Other Industrial Metals & Mining,
CRON,Cronos Group Inc.,1230498944,Healthcare,Drug Manufacturers - Specialty & Generic,
CROX,"Crocs, Inc.",6047791616,Consumer Cyclical,Footwear & Accessories,
CRS,Carpenter Technology Corporation,19666821120,Industrials,Metal Fabrication,
CRSP,CRISPR Therapeutics AG,5243642880,Healthcare,Biotechnology,
CRSR,"Corsair Gaming, Inc.",1477697280,Technology,Computer Hardware,
CRUS,"Cirrus Logic, Inc.",6010097664,Technology,Semiconductors,
CRVL,CorVel Corporation,3754896896,Financial Services,Insurance Brokers,
CRWD,"CrowdStrike Holdings, Inc.",258164703232,Technology,Software - Infrastructure,
CRWV,"CoreWeave, Inc.",48309088256,Technology,Software - Infrastructure,
CSCO,"Cisco Systems, Inc.",420674011136,Technology,Communication Equipment,
CSGP,"CoStar Group, Inc.",11382000640,Real Estate,Real Estate Services,
CSL,Carlisle Companies Incorporated,12961501184,Industrials,Building Products & Equipment,
CSTL,"Castle Biosciences, Inc.",1093977984,Healthcare,Diagnostics & Research,
CSTM,Constellium SE,3373285120,Basic Materials,Aluminum,
CSW,"CSW Industrials, Inc.",4835906560,Industrials,Specialty Industrial Machinery,
CSWC,Capital Southwest Corporation,1474164352,Financial Services,Asset Management,
CSX,CSX Corporation,86658768896,Industrials,Railroads,
CTAS,Cintas Corporation,79867445248,Industrials,Specialty Business Services,
CTBI,"Community Trust Bancorp, Inc.",1372770560,Financial Services,Banks - Regional,
CTOS,"Custom Truck One Source, Inc.",2149927168,Industrials,Rental & Leasing Services,
CTRE,"CareTrust REIT, Inc.",8839728128,Real Estate,REIT - Healthcare Facilities,
CTRI,"Centuri Holdings, Inc.",2070752256,Utilities,Utilities - Regulated Gas,
CTS,CTS Corporation,1701949184,Technology,Electronic Components,
CTSH,Cognizant Technology Solutions Corporation,27117090816,Technology,Information Technology Services,
CTVA,"Corteva, Inc.",52388229120,Basic Materials,Agricultural Inputs,
CUBE,CubeSmart,8574414336,Real Estate,REIT - Industrial,
CUBI,"Customers Bancorp, Inc.",2603379456,Financial Services,Banks - Regional,
CURB,Curbline Properties Corp.,3245511424,Real Estate,REIT - Retail,
CUZ,Cousins Properties Incorporated,4716564992,Real Estate,REIT - Office,
CVBF,CVB Financial Corp.,3965222400,Financial Services,Banks - Regional,
CVCO,"Cavco Industries, Inc.",4285150208,Consumer Cyclical,Residential Construction,
CVE,Cenovus Energy Inc.,57042497536,Energy,Oil & Gas Integrated,
CVI,"CVR Energy, Inc.",5179336704,Energy,Oil & Gas Refining & Marketing,
CVLT,"Commvault Systems, Inc.",6031841792,Technology,Software - Application,
CVNA,Carvana Co.,72116649984,Consumer Cyclical,Auto & Truck Dealerships,
CVS,CVS Health Corporation,113994629120,Healthcare,Healthcare Plans,
CVX,Chevron Corporation,401049780224,Energy,Oil & Gas Integrated,
CW,Curtiss-Wright Corporation,19934625792,Industrials,Aerospace & Defense,
CWEN,"Clearway Energy, Inc.",7342353920,Utilities,Utilities - Renewable,
CWK,Cushman & Wakefield Limited,2854118656,Real Estate,Real Estate Services,
CWST,"Casella Waste Systems, Inc.",5233757184,Industrials,Waste Management,
CWT,California Water Service Group,2855111168,Utilities,Utilities - Regulated Water,
CX,"CEMEX, S.A.B. de C.V.",14011068416,Basic Materials,Building Materials,
CXM,"Sprinklr, Inc.",1177108736,Technology,Software - Application,
CXT,"Crane NXT, Co.",2746825472,Industrials,Business Equipment & Supplies,
CXW,"CoreCivic, Inc.",3177447936,Industrials,Security & Protection Services,
CYD,China Yuchai International Limited,1239230208,Consumer Cyclical,Auto Manufacturers,
CYTK,"Cytokinetics, Incorporated",8989254656,Healthcare,Biotechnology,
CZR,"Caesars Entertainment, Inc.",6029854208,Consumer Cyclical,Resorts & Casinos,
D,"Dominion Energy, Inc.",53369634816,Utilities,Utilities - Regulated Electric,
DAC,Danaos Corporation,2805897984,Industrials,Marine Shipping,
DAL,"Delta Air Lines, Inc.",55858503680,Industrials,Airlines,
DAN,Dana Incorporated,2919631104,Consumer Cyclical,Auto Parts,
DAO,"Youdao, Inc.",1773329024,Consumer Defensive,Education & Training Services,
DAR,Darling Ingredients Inc.,9671740416,Consumer Defensive,Packaged Foods,
DASH,"DoorDash, Inc.",83782492160,Consumer Cyclical,Internet Retail,
DAVE,Dave Inc.,4144009216,Technology,Software - Application,
DB,Deutsche Bank Aktiengesellschaft,68715032576,Financial Services,Banks - Regional,
DBD,"Diebold Nixdorf, Incorporated",2129129984,Technology,Software - Application,
DBRG,"DigitalBridge Group, Inc.",2996174592,Financial Services,Asset Management,
DBX,"Dropbox, Inc.",7027745792,Technology,Software - Infrastructure,
DCI,"Donaldson Company, Inc.",10131704832,Industrials,Specialty Industrial Machinery,
DCO,Ducommun Incorporated,2599426816,Industrials,Aerospace & Defense,
DCOM,"Dime Commercial Bancshares, Inc.",1782601728,Financial Services,Banks - Regional,
DD,"DuPont de Nemours, Inc.",17783406592,Basic Materials,Specialty Chemicals,
DDOG,"Datadog, Inc.",96278781952,Technology,Software - Application,
DE,Deere & Company,186165559296,Industrials,Farm & Heavy Construction Machinery,
DEA,"Easterly Government Properties, Inc.",1122723072,Real Estate,REIT - Office,
DECK,Deckers Outdoor Corporation,10713425920,Consumer Cyclical,Footwear & Accessories,
DEI,"Douglas Emmett, Inc.",1974611200,Real Estate,REIT - Office,
DELL,Dell Technologies Inc.,357892653056,Technology,Computer Hardware,
DEO,Diageo plc,48652361728,Consumer Defensive,Beverages - Wineries & Distilleries,
DFH,"Dream Finders Homes, Inc.",1023046848,Consumer Cyclical,Residential Construction,
DFIN,"Donnelley Financial Solutions, Inc.",1202716928,Technology,Software - Application,
DG,Dollar General Corporation,27541798912,Consumer Defensive,Discount Stores,
DGII,Digi International Inc.,2971338240,Technology,Communication Equipment,
DGX,Quest Diagnostics Incorporated,26083432448,Healthcare,Diagnostics & Research,
DHC,Diversified Healthcare Trust,1968508672,Real Estate,REIT - Healthcare Facilities,
DHI,"D.R. Horton, Inc.",39580528640,Consumer Cyclical,Residential Construction,
DHR,Danaher Corporation,157813342208,Healthcare,Diagnostics & Research,
DHT,"DHT Holdings, Inc.",3511710720,Energy,Oil & Gas Midstream,
DINO,HF Sinclair Corporation,18990870528,Energy,Oil & Gas Refining & Marketing,
DIOD,Diodes Incorporated,4413595136,Technology,Semiconductors,
DIS,The Walt Disney Company,183287808000,Communication Services,Entertainment,
DJT,Trump Media & Technology Group Corp.,2540383488,Communication Services,Internet Content & Information,
DK,"Delek US Holdings, Inc.",4153990656,Energy,Oil & Gas Refining & Marketing,
DKL,"Delek Logistics Partners, LP",3114696448,Energy,Oil & Gas Refining & Marketing,
DKNG,DraftKings Inc.,10931918848,Consumer Cyclical,Gambling,
DKS,"DICK'S Sporting Goods, Inc.",13441978368,Consumer Cyclical,Specialty Retail,
DLB,"Dolby Laboratories, Inc.",5485244416,Industrials,Specialty Business Services,
DLO,DLocal Limited,4143309312,Technology,Software - Infrastructure,
DLR,"Digital Realty Trust, Inc.",67454517248,Real Estate,REIT - Specialty,
DLTR,"Dollar Tree, Inc.",21402988544,Consumer Defensive,Discount Stores,
DLX,Deluxe Corporation,1115683456,Industrials,Conglomerates,
DMLP,"Dorchester Minerals, L.P.",1425614592,Energy,Oil & Gas E&P,
DNLI,Denali Therapeutics Inc.,3259288576,Healthcare,Biotechnology,
DNN,Denison Mines Corp.,2398932736,Energy,Uranium,
DNOW,DNOW Inc.,2879919360,Industrials,Industrial Distribution,
DNTH,"Dianthus Therapeutics, Inc.",4840694784,Healthcare,Biotechnology,
DOC,"Healthpeak Properties, Inc.",14398718976,Real Estate,REIT - Healthcare Facilities,
DOCN,"DigitalOcean Holdings, Inc.",16337906688,Technology,Software - Infrastructure,
DOCS,"Doximity, Inc.",4696781824,Healthcare,Health Information Services,
DOCU,"DocuSign, Inc.",12615915520,Technology,Software - Application,
DOLE,Dole plc,1226075264,Consumer Defensive,Farm Products,
DORM,"Dorman Products, Inc.",3680369920,Consumer Cyclical,Auto Parts,
DOV,Dover Corporation,25842442240,Industrials,Specialty Industrial Machinery,
DOW,Dow Inc.,20239988736,Basic Materials,Chemicals,
DOX,Amdocs Limited,6025789440,Technology,Software - Infrastructure,
DPZ,"Domino's Pizza, Inc.",9664498688,Consumer Cyclical,Restaurants,
DRD,DRDGOLD Limited,2190135296,Basic Materials,Gold,
DRH,DiamondRock Hospitality Company,2565309952,Real Estate,REIT - Hotel & Motel,
DRI,"Darden Restaurants, Inc.",22679965696,Consumer Cyclical,Restaurants,
DRS,"Leonardo DRS, Inc.",9917688832,Industrials,Aerospace & Defense,
DRTS,Alpha Tau Medical Ltd.,1344632320,Healthcare,Biotechnology,
DRVN,Driven Brands Holdings Inc.,2030901504,Consumer Cyclical,Auto & Truck Dealerships,
DSGR,"Distribution Solutions Group, Inc.",1617089536,Industrials,Industrial Distribution,
DSGX,The Descartes Systems Group Inc.,6724971520,Technology,Software - Application,
DSL,DoubleLine Income Solutions Fund,1148002432,Financial Services,Asset Management,
DT,"Dynatrace, Inc.",16747672576,Technology,Software - Application,
DTE,DTE Energy Company,25270214656,Utilities,Utilities - Regulated Electric,
DTM,"DT Midstream, Inc.",12474430464,Energy,Oil & Gas Midstream,
DUK,Duke Energy Corporation,88379244544,Utilities,Utilities - Regulated Electric,
DUOL,"Duolingo, Inc.",6714296832,Technology,Software - Application,
DV,"DoubleVerify Holdings, Inc.",2078383488,Communication Services,Advertising Agencies,
DVA,DaVita Inc.,11455096832,Healthcare,Medical Care Facilities,
DVN,Devon Energy Corporation,51754999808,Energy,Oil & Gas E&P,
DX,"Dynex Capital, Inc.",2805851136,Real Estate,REIT - Mortgage,
DXC,DXC Technology Company,1701643008,Technology,Information Technology Services,
DXCM,"DexCom, Inc.",32686991360,Healthcare,Medical Devices,
DXPE,"DXP Enterprises, Inc.",2980844288,Industrials,Industrial Distribution,
DY,"Dycom Industries, Inc.",8189302272,Industrials,Engineering & Construction,
DYN,"Dyne Therapeutics, Inc.",2993545472,Healthcare,Biotechnology,
E,Eni S.p.A.,78540537856,Energy,Oil & Gas Integrated,
EAT,"Brinker International, Inc.",8653709312,Consumer Cyclical,Restaurants,
EBAY,eBay Inc.,48015499264,Consumer Cyclical,Internet Retail,
EBC,"Eastern Bankshares, Inc.",4894717440,Financial Services,Banks - Regional,
EC,Ecopetrol S.A.,34085740544,Energy,Oil & Gas Integrated,
ECG,"Everus Construction Group, Inc.",5971405312,Industrials,Engineering & Construction,
ECL,Ecolab Inc.,78349041664,Basic Materials,Specialty Chemicals,
ECO,Okeanis Eco Tankers Corp.,3041578752,Industrials,Marine Shipping,
ECPG,"Encore Capital Group, Inc.",2087213824,Financial Services,Credit Services,
ECVT,Ecovyst Inc.,1110009600,Basic Materials,Specialty Chemicals,
ED,"Consolidated Edison, Inc.",38129332224,Utilities,Utilities - Regulated Electric,
EDU,New Oriental Education & Technology Group Inc.,8754521088,Consumer Defensive,Education & Training Services,
EE,"Excelerate Energy, Inc.",3752475648,Energy,Oil & Gas Midstream,
EEFT,"Euronet Worldwide, Inc.",2498107136,Technology,Software - Infrastructure,
EFC,Ellington Financial Inc.,1623159808,Real Estate,REIT - Mortgage,
EFSC,Enterprise Financial Services Corp,2205210368,Financial Services,Banks - Regional,
EFX,Equifax Inc.,17400688640,Industrials,Consulting Services,
EFXT,Enerflex Ltd.,2877964800,Energy,Oil & Gas Equipment & Services,
EG,"Everest Group, Ltd.",14203299840,Financial Services,Insurance - Reinsurance,
EGO,Eldorado Gold Corporation,10933169152,Basic Materials,Gold,
EGP,"EastGroup Properties, Inc.",10836399104,Real Estate,REIT - Industrial,
EHC,Encompass Health Corporation,12180733952,Healthcare,Medical Care Facilities,
EIX,Edison International,20260456448,Utilities,Utilities - Regulated Electric,
EL,The Estée Lauder Companies Inc.,34178764800,Consumer Defensive,Household & Personal Products,
ELAN,Elanco Animal Health Incorporated,11146562560,Healthcare,Drug Manufacturers - Specialty & Generic,
ELE,Elemental Royalty Corporation,1590770432,Basic Materials,Gold,
ELF,"e.l.f. Beauty, Inc.",5871885824,Consumer Defensive,Household & Personal Products,
ELS,"Equity LifeStyle Properties, Inc.",11868735488,Real Estate,REIT - Residential,
ELV,"Elevance Health, Inc.",85899755520,Healthcare,Healthcare Plans,
ELVN,"Enliven Therapeutics, Inc.",3278866432,Healthcare,Biotechnology,
EMA,Emera Incorporated,14660270080,Utilities,Utilities - Regulated Electric,
EMBJ,Embraer S.A.,13992855552,Industrials,Aerospace & Defense,
EME,"EMCOR Group, Inc.",33621008384,Industrials,Engineering & Construction,
EMN,Eastman Chemical Company,7656454144,Basic Materials,Specialty Chemicals,
EMR,Emerson Electric Co.,88624619520,Industrials,Specialty Industrial Machinery,
ENB,Enbridge Inc.,104176148480,Energy,Oil & Gas Midstream,
ENIC,Enel Chile S.A.,5934490624,Utilities,Utilities - Renewable,
ENLT,Enlight Renewable Energy Ltd,9719150592,Utilities,Utilities - Renewable,
ENOV,Enovis Corporation,1064578816,Healthcare,Medical Devices,
ENPH,"Enphase Energy, Inc.",4270262784,Technology,Solar,
ENR,"Energizer Holdings, Inc.",1506416768,Industrials,Electrical Equipment & Parts,
ENS,EnerSys,6451707904,Industrials,Electrical Equipment & Parts,
ENSG,"The Ensign Group, Inc.",10209915904,Healthcare,Medical Care Facilities,
ENTG,"Entegris, Inc.",23132846080,Technology,Semiconductor Equipment & Materials,
ENVA,"Enova International, Inc.",4319369216,Financial Services,Credit Services,
EOG,"EOG Resources, Inc.",74754416640,Energy,Oil & Gas E&P,
EOSE,"Eos Energy Enterprises, Inc.",1152590848,Industrials,Electrical Equipment & Parts,
EPAC,Enerpac Tool Group Corp.,1840091136,Industrials,Specialty Industrial Machinery,
EPAM,"EPAM Systems, Inc.",5583259136,Technology,Information Technology Services,
EPC,Edgewell Personal Care Company,1282193664,Consumer Defensive,Household & Personal Products,
EPD,Enterprise Products Partners L.P.,79360786432,Energy,Oil & Gas Midstream,
EPR,EPR Properties,4353684992,Real Estate,REIT - Specialty,
EPRT,"Essential Properties Realty Trust, Inc.",5752201216,Real Estate,REIT - Retail,
EQH,"Equitable Holdings, Inc.",14685710336,Financial Services,Asset Management,
EQIX,"Equinix, Inc.",99468959744,Real Estate,REIT - Specialty,
EQNR,Equinor ASA,100013350912,Energy,Oil & Gas Integrated,
EQT,EQT Corporation,31782469632,Energy,Oil & Gas E&P,
EQX,Equinox Gold Corp.,13939470336,Basic Materials,Gold,
ERAS,"Erasca, Inc.",4984109056,Healthcare,Biotechnology,
ERIC,Telefonaktiebolaget LM Ericsson (publ),31099564032,Technology,Communication Equipment,
ERIE,Erie Indemnity Company,11653319680,Financial Services,Insurance Brokers,
ERO,Ero Copper Corp.,3949940480,Basic Materials,Copper,
ES,Eversource Energy,23982880768,Utilities,Utilities - Regulated Electric,
ESAB,ESAB Corporation,4470487552,Industrials,Metal Fabrication,
ESE,ESCO Technologies Inc.,6945560064,Technology,Scientific & Technical Instruments,
ESI,Element Solutions Inc,8702028800,Basic Materials,Specialty Chemicals,
ESLT,Elbit Systems Ltd.,34441764864,Industrials,Aerospace & Defense,
ESNT,Essent Group Ltd.,5727828992,Financial Services,Insurance - Specialty,
ESRT,"Empire State Realty Trust, Inc.",1259081472,Real Estate,REIT - Diversified,
ESS,"Essex Property Trust, Inc.",18721042432,Real Estate,REIT - Residential,
ESTA,Establishment Labs Holdings Inc.,1966030848,Healthcare,Medical Devices,
ESTC,Elastic N.V.,9251831808,Technology,Software - Application,
ET,Energy Transfer LP,69520220160,Energy,Oil & Gas Midstream,
ETN,Eaton Corporation plc,170844241920,Industrials,Specialty Industrial Machinery,
ETON,"Eton Pharmaceuticals, Inc.",1648675328,Healthcare,Drug Manufacturers - Specialty & Generic,
ETOR,eToro Group Ltd.,2098719744,Financial Services,Capital Markets,
ETR,Entergy Corporation,47094525952,Utilities,Utilities - Regulated Electric,
ETSY,"Etsy, Inc.",6281542656,Consumer Cyclical,Internet Retail,
EVCM,EverCommerce Inc.,1427455232,Technology,Software - Application,
EVR,Evercore Inc.,10110934016,Financial Services,Capital Markets,
EVRG,"Evergy, Inc.",17993461760,Utilities,Utilities - Regulated Electric,
EVTC,"EVERTEC, Inc.",1736461312,Technology,Software - Infrastructure,
EW,Edwards Lifesciences Corporation,49685782528,Healthcare,Medical Devices,
EWBC,"East West Bancorp, Inc.",17432018944,Financial Services,Banks - Regional,
EWTX,"Edgewise Therapeutics, Inc.",4272486400,Healthcare,Biotechnology,
EXC,Exelon Corporation,41560444928,Utilities,Utilities - Regulated Electric,
EXE,Expand Energy Corporation,20774631424,Energy,Oil & Gas E&P,
EXEL,"Exelixis, Inc.",14410983424,Healthcare,Biotechnology,
EXK,Endeavour Silver Corp.,2780796672,Basic Materials,Silver,
EXLS,"ExlService Holdings, Inc.",5309206528,Technology,Information Technology Services,
EXP,Eagle Materials Inc.,5475238912,Basic Materials,Building Materials,
EXPD,"Expeditors International of Washington, Inc.",24368044032,Industrials,Integrated Freight & Logistics,
EXPE,"Expedia Group, Inc.",31705511936,Consumer Cyclical,Travel Services,
EXPO,"Exponent, Inc.",3051507712,Industrials,Engineering & Construction,
EXR,Extra Space Storage Inc.,29430685696,Real Estate,REIT - Industrial,
EXTR,"Extreme Networks, Inc.",2844313344,Technology,Communication Equipment,
EYE,"National Vision Holdings, Inc.",1307015808,Consumer Cyclical,Specialty Retail,
EZPW,"EZCORP, Inc.",1914575616,Financial Services,Credit Services,
F,Ford Motor Company,50682343424,Consumer Cyclical,Auto Manufacturers,
FA,First Advantage Corporation,3366372608,Industrials,Specialty Business Services,
FAF,First American Financial Corporation,6766166528,Financial Services,Insurance - Specialty,
FANG,"Diamondback Energy, Inc.",52512755712,Energy,Oil & Gas E&P,
FAST,Fastenal Company,57868304384,Industrials,Industrial Distribution,
FBIN,"Fortune Brands Innovations, Inc.",4700849152,Industrials,Building Products & Equipment,
FBK,FB Financial Corporation,2635846912,Financial Services,Banks - Regional,
FBNC,First Bancorp,2628825344,Financial Services,Banks - Regional,
FBP,First BanCorp.,4131203328,Financial Services,Banks - Regional,
FCEL,"FuelCell Energy, Inc.",1318444544,Industrials,Electrical Equipment & Parts,
FCF,First Commonwealth Financial Corporation,2113079424,Financial Services,Banks - Regional,
FCFS,"FirstCash Holdings, Inc.",9431197696,Financial Services,Credit Services,
FCN,"FTI Consulting, Inc.",3707958272,Industrials,Consulting Services,
FCNCA,"First Citizens BancShares, Inc.",23606687744,Financial Services,Banks - Regional,
FCPT,"Four Corners Property Trust, Inc.",2436432384,Real Estate,REIT - Retail,
FCX,Freeport-McMoRan Inc.,103838425088,Basic Materials,Copper,
FDS,FactSet Research Systems Inc.,9712238592,Financial Services,Financial Data & Stock Exchanges,
FDX,FedEx Corporation,67652243456,Industrials,Integrated Freight & Logistics,
FE,FirstEnergy Corp.,25046069248,Utilities,Utilities - Regulated Electric,
FELE,"Franklin Electric Co., Inc.",4291606784,Industrials,Specialty Industrial Machinery,
FER,Ferrovial N.V.,40217542656,Industrials,Engineering & Construction,
FERG,Ferguson Enterprises Inc.,43089661952,Industrials,Industrial Distribution,
FFBC,First Financial Bancorp.,3407408640,Financial Services,Banks - Regional,
FFIN,"First Financial Bankshares, Inc.",4650728448,Financial Services,Banks - Regional,
FFIV,"F5, Inc.",25089239040,Technology,Software - Infrastructure,
FG,"F&G Annuities & Life, Inc.",2896286976,Financial Services,Insurance - Life,
FHB,"First Hawaiian, Inc.",3072454144,Financial Services,Banks - Regional,
FHI,"Federated Hermes, Inc.",4316857344,Financial Services,Asset Management,
FHN,First Horizon Corporation,11114811392,Financial Services,Banks - Regional,
FIBK,"First Interstate BancSystem, Inc.",3517693184,Financial Services,Banks - Regional,
FICO,Fair Isaac Corporation,18640703488,Technology,Software - Application,
FIG,"Figma, Inc.",11113255936,Technology,Software - Application,
FIGR,"Figure Technology Solutions, Inc.",7157654016,Financial Services,Capital Markets,
FIGS,"FIGS, Inc.",2229602048,Consumer Cyclical,Apparel Manufacturing,
FIS,"Fidelity National Information Services, Inc.",18302689280,Technology,Information Technology Services,
FISV,"Fiserv, Inc.",24716517376,,,
FITB,Fifth Third Bancorp,47232450560,Financial Services,Banks - Regional,
FIVE,"Five Below, Inc.",12255029248,Consumer Cyclical,Specialty Retail,
FIVN,"Five9, Inc.",2672860672,Technology,Software - Infrastructure,
FIX,"Comfort Systems USA, Inc.",58384224256,Industrials,Engineering & Construction,
FIZZ,National Beverage Corp.,2777471232,Consumer Defensive,Beverages - Non-Alcoholic,
FLEX,Flex Ltd.,42363133952,Technology,Electronic Components,
FLG,"Flagstar Bank, National Association",5134698496,Financial Services,Banks - Regional,
FLNC,"Fluence Energy, Inc.",1459388544,Utilities,Utilities - Renewable,
FLNG,FLEX LNG Ltd.,1670372480,Energy,Oil & Gas Midstream,
FLO,"Flowers Foods, Inc.",1217209600,Consumer Defensive,Packaged Foods,
FLOC,Flowco Holdings Inc.,2082350208,Energy,Oil & Gas Equipment & Services,
FLR,Fluor Corporation,6737874944,Industrials,Engineering & Construction,
FLS,Flowserve Corporation,9434714112,Industrials,Specialty Industrial Machinery,
FLUT,Flutter Entertainment plc,14443660288,Consumer Cyclical,Gambling,
FLY,Firefly Aerospace Inc.,4077977088,Industrials,Aerospace & Defense,
FLYW,Flywire Corporation,2117017472,Technology,Software - Infrastructure,
FMBH,"First Mid Bancshares, Inc.",1322647040,Financial Services,Banks - Regional,
FMC,FMC Corporation,1490130688,Basic Materials,Agricultural Inputs,
FMS,Fresenius Medical Care AG,12076057600,Healthcare,Medical Care Facilities,
FMX,"Fomento Económico Mexicano, S.A.B. de C.V.",40752320512,Consumer Defensive,Beverages - Brewers,
FN,Fabrinet,14957114368,Technology,Electronic Components,
FNB,F.N.B. Corporation,6279203840,Financial Services,Banks - Regional,
FND,"Floor & Decor Holdings, Inc.",5011418112,Consumer Cyclical,Home Improvement Retail,
FNF,"Fidelity National Financial, Inc.",11108546560,Financial Services,Insurance - Specialty,
FNV,Franco-Nevada Corporation,49731657728,Basic Materials,Gold,
FOR,Forestar Group Inc.,1351221248,Real Estate,Real Estate - Development,
FORM,"FormFactor, Inc.",10109954048,Technology,Semiconductor Equipment & Materials,
FOUR,"Shift4 Payments, Inc.",3036016640,Technology,Software - Infrastructure,
FOX,Fox Corporation,23841427456,Communication Services,Entertainment,
FOXA,Fox Corporation,26594955264,Communication Services,Entertainment,
FR,"First Industrial Realty Trust, Inc.",8381296128,Real Estate,REIT - Industrial,
FRHC,Freedom Holdings Corp.,10976581632,Financial Services,Financial Conglomerates,
FRME,First Merchants Corporation,2556645888,Financial Services,Banks - Regional,
FRMI,Fermi Inc.,2894912256,Real Estate,REIT - Specialty,
FRO,Frontline plc,10625790976,Energy,Oil & Gas Midstream,
FROG,JFrog Ltd.,10996011008,Technology,Software - Application,
FRPT,"Freshpet, Inc.",2783042816,Consumer Defensive,Packaged Foods,
FRSH,Freshworks Inc.,3271946496,Technology,Software - Application,
FRT,Federal Realty Investment Trust,9606220800,Real Estate,REIT - Retail,
FSBC,Five Star Bancorp,1075439872,Financial Services,Banks - Regional,
FSK,FS KKR Capital Corp.,3108828160,Financial Services,Asset Management,
FSLR,"First Solar, Inc.",19098458112,Technology,Solar,
FSLY,"Fastly, Inc.",3976127744,Technology,Software - Application,
FSM,Fortuna Mining Corp.,3459741696,Basic Materials,Gold,
FSS,Federal Signal Corporation,7004525056,Industrials,Farm & Heavy Construction Machinery,
FSUN,FirstSun Capital Bancorp,1746587648,Financial Services,Banks - Regional,
FSV,FirstService Corporation,5616805376,Real Estate,Real Estate Services,
FTAI,FTAI Aviation Ltd.,17979901952,Industrials,Aerospace & Defense,
FTDR,"Frontdoor, Inc.",5097416192,Consumer Cyclical,Personal Services,
FTI,TechnipFMC plc,27839748096,Energy,Oil & Gas Equipment & Services,
FTK,"Flotek Industries, Inc.",1069589248,Energy,Oil & Gas Equipment & Services,
FTNT,"Fortinet, Inc.",127269978112,Technology,Software - Infrastructure,
FTRE,Fortrea Holdings Inc.,1891538944,Healthcare,Biotechnology,
FTS,Fortis Inc.,27123681280,Utilities,Utilities - Regulated Electric,
FTV,Fortive Corporation,17099655168,Technology,Scientific & Technical Instruments,
FUL,H.B. Fuller Company,2694685696,Basic Materials,Specialty Chemicals,
FULT,Fulton Financial Corporation,4434945024,Financial Services,Banks - Regional,
FUN,Six Flags Entertainment Corporation,1260536960,Consumer Cyclical,Leisure,
FUTU,Futu Holdings Limited,15683558400,Financial Services,Capital Markets,
FWONA,Formula One Group,21676255232,Communication Services,Entertainment,
FWONK,Formula One Group,23719528448,Communication Services,Entertainment,
G,Genpact Limited,5561938432,Technology,Information Technology Services,
GABC,"German American Bancorp, Inc.",1860151040,Financial Services,Banks - Regional,
GAP,"The Gap, Inc.",7664714240,Consumer Cyclical,Apparel Retail,
GATX,GATX Corporation,6486597632,Industrials,Rental & Leasing Services,
GBCI,"Glacier Bancorp, Inc.",5826542080,Financial Services,Banks - Regional,
GBDC,"Golub Capital BDC, Inc.",3235258624,Financial Services,Asset Management,
GBTG,"Global Business Travel Group, Inc.",4962547712,Consumer Cyclical,Travel Services,
GBX,"The Greenbrier Companies, Inc.",1316174208,Industrials,Railroads,
GCT,GigaCloud Technology Inc.,1927638528,Technology,Software - Infrastructure,
GD,General Dynamics Corporation,91102011392,Industrials,Aerospace & Defense,
GDDY,GoDaddy Inc.,12302558208,Technology,Software - Infrastructure,
GDRX,"GoodRx Holdings, Inc.",1142836992,Healthcare,Health Information Services,
GDS,GDS Holdings Limited,6566374400,Technology,Information Technology Services,
GE,GE Aerospace,339376308224,Industrials,Aerospace & Defense,
GEF,"Greif, Inc.",4699068928,Consumer Cyclical,Packaging & Containers,
GEHC,GE HealthCare Technologies Inc.,30309437440,Healthcare,Medical Devices,
GEL,"Genesis Energy, L.P.",1731776896,Energy,Oil & Gas Midstream,
GEN,Gen Digital Inc.,12941451264,Technology,Software - Infrastructure,
GENI,Genius Sports Limited,1723517696,Communication Services,Internet Content & Information,
GEO,"The GEO Group, Inc.",4109163264,Industrials,Security & Protection Services,
GEV,GE Vernova Inc.,255049023488,Industrials,Specialty Industrial Machinery,
GFF,Griffon Corporation,4456547328,Industrials,Building Products & Equipment,
GFI,Gold Fields Limited,35974402048,Basic Materials,Gold,
GFL,GFL Environmental Inc.,15254834176,Industrials,Waste Management,
GFS,GLOBALFOUNDRIES Inc.,27313512448,Technology,Semiconductors,
GGAL,Grupo Financiero Galicia S.A.,6564626432,Financial Services,Banks - Regional,
GGB,Gerdau S.A.,9514740736,Basic Materials,Steel,
GGG,Graco Inc.,12609724416,Industrials,Specialty Industrial Machinery,
GH,"Guardant Health, Inc.",23786270720,Healthcare,Diagnostics & Research,
GHM,Graham Corporation,1023586624,Industrials,Specialty Industrial Machinery,
GHRS,GH Research PLC,1636432128,Healthcare,Biotechnology,
GIB,CGI Inc.,14033500160,Technology,Information Technology Services,
GIC,Global Industrial Company,1587835648,Industrials,Industrial Distribution,
GIII,"G-III Apparel Group, Ltd.",1162810880,Consumer Cyclical,Apparel Manufacturing,
GIL,Gildan Activewear Inc.,7589161472,Consumer Cyclical,Apparel Manufacturing,
GILD,"Gilead Sciences, Inc.",187146436608,Healthcare,Drug Manufacturers - General,
GIS,"General Mills, Inc.",17986875392,Consumer Defensive,Packaged Foods,
GKOS,Glaukos Corporation,9108888576,Healthcare,Medical Devices,
GL,Globe Life Inc.,12836931584,Financial Services,Insurance - Life,
GLBE,Global-E Online Ltd.,6747249664,Consumer Cyclical,Internet Retail,
GLNG,Golar LNG Limited,5065032192,Energy,Oil & Gas Midstream,
GLOB,Globant S.A.,1489694720,Technology,Information Technology Services,
GLP,Global Partners LP,1609180544,Energy,Oil & Gas Midstream,
GLPI,"Gaming and Leisure Properties, Inc.",11617624064,Real Estate,REIT - Specialty,
GLUE,"Monte Rosa Therapeutics, Inc.",1004138752,Healthcare,Biotechnology,
GLW,Corning Incorporated,134739640320,Technology,Electronic Components,
GLXY,Galaxy Digital,14284567552,Financial Services,Capital Markets,
GM,General Motors Company,74734829568,Consumer Cyclical,Auto Manufacturers,
GMAB,Genmab A/S,21718358016,Healthcare,Biotechnology,
GME,GameStop Corp.,11800278016,Consumer Cyclical,Specialty Retail,
GMED,"Globus Medical, Inc.",10005197824,Healthcare,Medical Devices,
GNK,Genco Shipping & Trading Limited,1137174528,Industrials,Marine Shipping,
GNL,"Global Net Lease, Inc.",1977767680,Real Estate,REIT - Diversified,
GNRC,Generac Holdings Inc.,12293567488,Industrials,Specialty Industrial Machinery,
GNTX,Gentex Corporation,4808452608,Consumer Cyclical,Auto Parts,
GNW,"Genworth Financial, Inc.",3563135488,Financial Services,Insurance - Life,
GO,Grocery Outlet Holding Corp.,1096865280,Consumer Defensive,Grocery Stores,
GOLF,Acushnet Holdings Corp.,4848786432,Consumer Cyclical,Leisure,
GOOG,Alphabet Inc.,4171386060800,Communication Services,Internet Content & Information,
GOOGL,Alphabet Inc.,4206119354368,Communication Services,Internet Content & Information,
GPC,Genuine Parts Company,17868003328,Consumer Cyclical,Auto Parts,
GPCR,Structure Therapeutics Inc.,2562163200,Healthcare,Biotechnology,
GPI,"Group 1 Automotive, Inc.",3006546688,Consumer Cyclical,Auto & Truck Dealerships,
GPK,Graphic Packaging Holding Company,2775423744,Consumer Cyclical,Packaging & Containers,
GPN,Global Payments Inc.,22886844416,Industrials,Specialty Business Services,
GPOR,Gulfport Energy Corporation,2778465536,Energy,Oil & Gas E&P,
GPRE,Green Plains Inc.,1045822272,Basic Materials,Chemicals,
GRAB,Grab Holdings Limited,12805775360,Technology,Software - Application,
GRAL,"GRAIL, Inc.",5667698176,Healthcare,Diagnostics & Research,
GRBK,"Green Brick Partners, Inc.",2958705920,Consumer Cyclical,Residential Construction,
GRC,The Gorman-Rupp Company,1959904128,Industrials,Specialty Industrial Machinery,
GRDN,"Guardian Pharmacy Services, Inc.",2610336256,Healthcare,Medical Care Facilities,
GRFS,"Grifols, S.A.",5002258432,Healthcare,Drug Manufacturers - General,
GRMN,Garmin Ltd.,56726728704,Technology,Scientific & Technical Instruments,
GRND,Grindr Inc.,2741151232,Technology,Software - Application,
GS,"The Goldman Sachs Group, Inc.",272376283136,Financial Services,Capital Markets,
GSAT,"Globalstar, Inc.",10738213888,Communication Services,Telecom Services,
GSBD,"Goldman Sachs BDC, Inc.",1073908864,Financial Services,Asset Management,
GSHD,"Goosehead Insurance, Inc.",1616438400,Financial Services,Insurance Brokers,
GSK,GSK plc,98618155008,Healthcare,Drug Manufacturers - General,
GSL,"Global Ship Lease, Inc.",1597450752,Industrials,Marine Shipping,
GT,The Goodyear Tire & Rubber Company,1475481088,Consumer Cyclical,Auto Parts,
GTES,Gates Industrial Corporation Ltd.,6799640576,Industrials,Specialty Industrial Machinery,
GTLB,GitLab Inc.,7805080064,Technology,Software - Infrastructure,
GTM,ZoomInfo Technologies Inc.,1091662720,Technology,Software - Application,
GTX,Garrett Motion Inc.,4814488064,Consumer Cyclical,Auto Parts,
GTY,Getty Realty Corp.,1774991232,Real Estate,REIT - Retail,
GVA,Granite Construction Incorporated,5112646656,Industrials,Engineering & Construction,
GWRE,"Guidewire Software, Inc.",11934853120,Technology,Software - Application,
GWW,"W.W. Grainger, Inc.",58689212416,Industrials,Industrial Distribution,
GXO,"GXO Logistics, Inc.",5183742976,Industrials,Integrated Freight & Logistics,
H,Hyatt Hotels Corporation,14934637568,Consumer Cyclical,Lodging,
HAE,Haemonetics Corporation,4790839808,Healthcare,Medical Devices,
HAFN,Hafnia Limited,4775154176,Industrials,Marine Shipping,
HAL,Halliburton Company,27367628800,Energy,Oil & Gas Equipment & Services,
HALO,"Halozyme Therapeutics, Inc.",12927422464,Healthcare,Biotechnology,
HAS,"Hasbro, Inc.",12424606720,Consumer Cyclical,Leisure,
HASI,"HA Sustainable Infrastructure Capital, Inc.",4682386432,Financial Services,Asset Management,
HAYW,"Hayward Holdings, Inc.",2679070464,Industrials,Electrical Equipment & Parts,
HBAN,Huntington Bancshares Incorporated,31599288320,Financial Services,Banks - Regional,
HBM,Hudbay Minerals Inc.,11827574784,Basic Materials,Copper,
HBT,"HBT Financial, Inc.",1318253440,Financial Services,Banks - Regional,
HCA,"HCA Healthcare, Inc.",96635633664,Healthcare,Medical Care Facilities,
HCC,"Warrior Met Coal, Inc.",4726315008,Basic Materials,Coking Coal,
HCI,"HCI Group, Inc.",2176055296,Financial Services,Insurance - Property & Casualty,
HCM,HUTCHMED (China) Limited,2422969600,Healthcare,Drug Manufacturers - Specialty & Generic,
HCSG,"Healthcare Services Group, Inc.",1444707712,Healthcare,Medical Care Facilities,
HD,"The Home Depot, Inc.",292522590208,Consumer Cyclical,Home Improvement Retail,
HDB,HDFC Bank Limited,118259720192,Financial Services,Banks - Regional,
HE,"Hawaiian Electric Industries, Inc.",1574499456,Utilities,Utilities - Regulated Electric,
HEI,HEICO Corporation,43119353856,Industrials,Aerospace & Defense,
HESM,Hess Midstream LP,7886322688,Energy,Oil & Gas Midstream,
HFWA,Heritage Financial Corporation,1168957568,Financial Services,Banks - Regional,
HG,"Hamilton Insurance Group, Ltd.",3282872832,Financial Services,Insurance - Reinsurance,
HGTY,"Hagerty, Inc.",4669832192,Financial Services,Insurance - Property & Casualty,
HGV,Hilton Grand Vacations Inc.,2780192768,Consumer Cyclical,Resorts & Casinos,
HHH,Howard Hughes Holdings Inc.,4086603008,Real Estate,Real Estate - Development,
HIG,"The Hartford Insurance Group, Inc.",33650429952,Financial Services,Insurance - Diversified,
HII,"Huntington Ingalls Industries, Inc.",10403602432,Industrials,Aerospace & Defense,
HIMS,"Hims & Hers Health, Inc.",6864080384,Healthcare,Drug Manufacturers - Specialty & Generic,
HIMX,"Himax Technologies, Inc.",2518710272,Technology,Semiconductors,
HIW,"Highwoods Properties, Inc.",3379611136,Real Estate,REIT - Office,
HL,Hecla Mining Company,12200258560,Basic Materials,Other Precious Metals & Mining,
HLF,Herbalife Ltd.,1315282432,Consumer Defensive,Packaged Foods,
HLI,"Houlihan Lokey, Inc.",9020250112,Financial Services,Capital Markets,
HLIO,"Helios Technologies, Inc.",2261727488,Industrials,Specialty Industrial Machinery,
HLIT,Harmonic Inc.,1200821632,Technology,Communication Equipment,
HLMN,Hillman Solutions Corp.,1371542272,Industrials,Tools & Accessories,
HLN,Haleon plc,40721936384,Healthcare,Drug Manufacturers - Specialty & Generic,
HLNE,Hamilton Lane Incorporated,5777972224,Financial Services,Asset Management,
HLT,Hilton Worldwide Holdings Inc.,70661373952,Consumer Cyclical,Lodging,
HMC,"Honda Motor Co., Ltd.",42727559168,Consumer Cyclical,Auto Manufacturers,
HMN,Horace Mann Educators Corporation,1836722816,Financial Services,Insurance - Property & Casualty,
HMY,Harmony Gold Mining Company Limited,11877349376,Basic Materials,Gold,
HNGE,"Hinge Health, Inc.",7711965184,Healthcare,Health Information Services,
HNI,HNI Corporation,3407702784,Consumer Cyclical,"Furnishings, Fixtures & Appliances",
HOG,"Harley-Davidson, Inc.",2648645376,Consumer Cyclical,Recreational Vehicles,
HOMB,"Home BancShares, Inc.",5839449088,Financial Services,Banks - Regional,
HON,Honeywell International Inc.,67365597184,Industrials,Conglomerates,
HOOD,"Robinhood Markets, Inc.",107350425600,Financial Services,Capital Markets,
HOPE,"Hope Bancorp, Inc.",1766669696,Financial Services,Banks - Regional,
HP,"Helmerich & Payne, Inc.",3854644992,Energy,Oil & Gas Drilling,
HPE,Hewlett Packard Enterprise Company,83550633984,Technology,Communication Equipment,
HPQ,HP Inc.,28226056192,Technology,Computer Hardware,
HQY,"HealthEquity, Inc.",7299624960,Healthcare,Health Information Services,
HR,Healthcare Realty Trust Incorporated,6331073536,Real Estate,REIT - Healthcare Facilities,
HRB,"H&R Block, Inc.",5200588800,Consumer Cyclical,Personal Services,
HRI,Herc Holdings Inc.,4525280256,Industrials,Rental & Leasing Services,
HRL,Hormel Foods Corporation,10847413248,Consumer Defensive,Packaged Foods,
HRMY,"Harmony Biosciences Holdings, Inc.",2402833408,Healthcare,Biotechnology,
HROW,"Harrow, Inc.",1239723136,Healthcare,Drug Manufacturers - Specialty & Generic,
HSAI,Hesai Group,20428486656,Consumer Cyclical,Auto Parts,
HSBC,HSBC Holdings plc,345381994496,Financial Services,Banks - Diversified,
HSIC,"Henry Schein, Inc.",9838991360,Healthcare,Medical Distribution,
HST,"Host Hotels & Resorts, Inc.",15575767040,Real Estate,REIT - Hotel & Motel,
HSY,The Hershey Company,33428000768,Consumer Defensive,Confectioners,
HTFL,"Heartflow, Inc.",4275509504,Healthcare,Health Information Services,
HTGC,"Hercules Capital, Inc.",3176173056,Financial Services,Asset Management,
HTH,Hilltop Holdings Inc.,2208964352,Financial Services,Financial Conglomerates,
HTHT,H World Group Limited,13247051776,Consumer Cyclical,Lodging,
HTO,H2O America,2606423296,Utilities,Utilities - Regulated Water,
HUBB,Hubbell Incorporated,24657029120,Industrials,Electrical Equipment & Parts,
HUBG,"Hub Group, Inc.",1855397504,Industrials,Integrated Freight & Logistics,
HUBS,"HubSpot, Inc.",10658402304,Technology,Software - Application,
HUM,Humana Inc.,47783555072,Healthcare,Healthcare Plans,
HUN,Huntsman Corporation,1560869632,Basic Materials,Chemicals,
HURN,Huron Consulting Group Inc.,2513473024,Industrials,Consulting Services,
HUT,Hut 8 Corp.,11933981696,Financial Services,Capital Markets,
HWC,Hancock Whitney Corporation,5924472320,Financial Services,Banks - Regional,
HWKN,"Hawkins, Inc.",2693516288,Basic Materials,Specialty Chemicals,
HWM,Howmet Aerospace Inc.,92713353216,Industrials,Aerospace & Defense,
HXL,Hexcel Corporation,6488492544,Industrials,Aerospace & Defense,
HYMC,Hycroft Mining Holding Corporation,2001542400,Basic Materials,Gold,
HZO,"MarineMax, Inc.",1158228352,Consumer Cyclical,Specialty Retail,
IAG,IAMGOLD Corporation,11248700416,Basic Materials,Gold,
IART,Integra LifeSciences Holdings Corporation,1253692800,Healthcare,Medical Devices,
IBKR,"Interactive Brokers Group, Inc.",152048500736,Financial Services,Capital Markets,
IBM,International Business Machines Corporation,212460716032,Technology,Information Technology Services,
IBN,ICICI Bank Limited,100210606080,Financial Services,Banks - Regional,
IBOC,International Bancshares Corporation,4349674496,Financial Services,Banks - Regional,
IBP,"Installed Building Products, Inc.",5321948160,Consumer Cyclical,Residential Construction,
IBRX,"ImmunityBio, Inc.",8945017856,Healthcare,Biotechnology,
ICE,"Intercontinental Exchange, Inc.",86628786176,Financial Services,Financial Data & Stock Exchanges,
ICFI,"ICF International, Inc.",1498555264,Industrials,Consulting Services,
ICHR,"Ichor Holdings, Ltd.",2170097920,Technology,Semiconductor Equipment & Materials,
ICL,ICL Group Ltd,6634292224,Basic Materials,Agricultural Inputs,
ICLR,ICON Public Limited Company,13295984640,Healthcare,Diagnostics & Research,
ICUI,"ICU Medical, Inc.",4124910848,Healthcare,Medical Instruments & Supplies,
IDA,"IDACORP, Inc.",7506740224,Utilities,Utilities - Regulated Electric,
IDCC,"InterDigital, Inc.",8624625664,Technology,Software - Application,
IDT,IDT Corporation,1677633408,Communication Services,Telecom Services,
IDXX,"IDEXX Laboratories, Inc.",40960786432,Healthcare,Diagnostics & Research,
IDYA,"IDEAYA Biosciences, Inc.",3540199168,Healthcare,Biotechnology,
IE,Ivanhoe Electric Inc.,1685273216,Basic Materials,Copper,
IEP,Icahn Enterprises L.P.,4947969024,Energy,Oil & Gas Refining & Marketing,
IESC,"IES Holdings, Inc.",12916163584,Industrials,Engineering & Construction,
IEX,IDEX Corporation,16961473536,Industrials,Specialty Industrial Machinery,
IFF,International Flavors & Fragrances Inc.,21876955136,Basic Materials,Specialty Chemicals,
IGIC,International General Insurance Holdings Ltd.,1045105536,Financial Services,Insurance - Diversified,
IHS,IHS Holding Limited,2852212480,Real Estate,Real Estate Services,
IIPR,"Innovative Industrial Properties, Inc.",1530761216,Real Estate,REIT - Industrial,
ILMN,"Illumina, Inc.",40769998848,Healthcare,Diagnostics & Research,
IMAX,IMAX Corporation,3073900288,Communication Services,Entertainment,
IMCR,Immunocore Holdings plc,1582037504,Healthcare,Biotechnology,
IMKTA,"Ingles Markets, Incorporated",1591158784,Consumer Defensive,Grocery Stores,
IMNM,"Immunome, Inc.",2431697152,Healthcare,Biotechnology,
IMO,Imperial Oil Limited,61090660352,Energy,Oil & Gas Integrated,
IMOS,ChipMOS TECHNOLOGIES INC.,2495855360,Technology,Semiconductors,
IMTX,Immatics N.V.,1274123776,Healthcare,Biotechnology,
IMVT,"Immunovant, Inc.",6878204416,Healthcare,Biotechnology,
INBX,"Inhibrx Biosciences, Inc.",1466026112,Healthcare,Biotechnology,
INCY,Incyte Corporation,25112223744,Healthcare,Biotechnology,
INDB,Independent Bank Corp.,3846370816,Financial Services,Banks - Regional,
INDV,"Indivior Pharmaceuticals, Inc.",4227904000,Healthcare,Drug Manufacturers - Specialty & Generic,
INFY,Infosys Limited,42528608256,Technology,Information Technology Services,
ING,ING Groep N.V.,104082481152,Financial Services,Banks - Diversified,
INGM,Ingram Micro Holding Corporation,6206395392,Technology,Information Technology Services,
INGR,Ingredion Incorporated,6099548160,Consumer Defensive,Packaged Foods,
INNV,InnovAge Holding Corp.,1228062848,Healthcare,Medical Care Facilities,
INOD,Innodata Inc.,2379623424,Technology,Information Technology Services,
INSM,Insmed Incorporated,25731893248,Healthcare,Biotechnology,
INSP,"Inspire Medical Systems, Inc.",2038181504,Healthcare,Medical Devices,
INSW,"International Seaways, Inc.",5232487936,Energy,Oil & Gas Midstream,
INTA,"Intapp, Inc.",2762052352,Technology,Software - Application,
INTC,Intel Corporation,650190913536,Technology,Semiconductors,
INTR,"Inter & Co, Inc.",2256133888,Financial Services,Banks - Regional,
INTU,Intuit Inc.,73701015552,Technology,Software - Application,
INVA,"Innoviva, Inc.",1498371456,Healthcare,Biotechnology,
INVH,Invitation Homes Inc.,15722390528,Real Estate,REIT - Residential,
INVX,"Innovex International, Inc.",1989881216,Energy,Oil & Gas Equipment & Services,
IONQ,"IonQ, Inc.",18425569280,Technology,Computer Hardware,
IONS,"Ionis Pharmaceuticals, Inc.",7395202048,Healthcare,Biotechnology,
IOSP,Innospec Inc.,2431577088,Basic Materials,Specialty Chemicals,
IOT,Samsara Inc.,22229571584,Technology,Software - Infrastructure,
IOVA,"Iovance Biotherapeutics, Inc.",4982685696,Healthcare,Biotechnology,
IP,International Paper Company,18545537024,Consumer Cyclical,Packaging & Containers,
IPAR,"Interparfums, Inc.",3776800256,Consumer Defensive,Household & Personal Products,
IPGP,IPG Photonics Corporation,3315695360,Technology,Semiconductor Equipment & Materials,
IQV,IQVIA Holdings Inc.,44502900736,Healthcare,Diagnostics & Research,
IR,Ingersoll Rand Inc.,29518997504,Industrials,Specialty Industrial Machinery,
IRDM,Iridium Communications Inc.,5166600704,Communication Services,Telecom Services,
IREN,IREN Limited,17387837440,Financial Services,Capital Markets,
IRM,Iron Mountain Incorporated,33158137856,Real Estate,REIT - Specialty,
IRMD,IRADIMED CORPORATION,1096612352,Healthcare,Medical Devices,
IRON,"Disc Medicine, Inc.",2504749056,Healthcare,Biotechnology,
IRS,IRSA Inversiones y Representaciones Sociedad Anónima,1247842560,Real Estate,Real Estate Services,
IRT,"Independence Realty Trust, Inc.",3535431936,Real Estate,REIT - Residential,
IRTC,"iRhythm Holdings, Inc.",3638456320,Healthcare,Medical Devices,
ISRG,"Intuitive Surgical, Inc.",145167089664,Healthcare,Medical Instruments & Supplies,
IT,"Gartner, Inc.",11865692160,Technology,Information Technology Services,
ITGR,Integer Holdings Corporation,4295189504,Healthcare,Medical Devices,
ITRI,"Itron, Inc.",3929861120,Technology,Scientific & Technical Instruments,
ITRN,Ituran Location and Control Ltd.,1023908672,Technology,Scientific & Technical Instruments,
ITT,ITT Inc.,18530361344,Industrials,Specialty Industrial Machinery,
ITUB,Itaú Unibanco Holding S.A.,89387376640,Financial Services,Banks - Regional,
ITW,Illinois Tool Works Inc.,78126342144,Industrials,Specialty Industrial Machinery,
IVT,InvenTrust Properties Corp.,2380681472,Real Estate,REIT - Retail,
IVZ,Invesco Ltd.,13651173376,Financial Services,Asset Management,
J,Jacobs Solutions Inc.,16338850816,Industrials,Engineering & Construction,
JAZZ,Jazz Pharmaceuticals plc,15446423552,Healthcare,Biotechnology,
JBHT,"J.B. Hunt Transport Services, Inc.",21170694144,Industrials,Integrated Freight & Logistics,
JBL,Jabil Inc.,33190260736,Technology,Electronic Components,
JBLU,JetBlue Airways Corporation,1660173696,Industrials,Airlines,
JBS,JBS N.V.,38057938944,Consumer Defensive,Packaged Foods,
JBTM,JBT Marel Corporation,5711118336,Industrials,Specialty Industrial Machinery,
JCI,Johnson Controls International plc,90982359040,Industrials,Building Products & Equipment,
JD,"JD.com, Inc.",35801755648,Consumer Cyclical,Internet Retail,
JEF,Jefferies Financial Group Inc.,9697730560,Financial Services,Capital Markets,
JHX,James Hardie Industries plc,15151637504,Basic Materials,Building Materials,
JJSF,J&J Snack Foods Corp.,1448011520,Consumer Defensive,Packaged Foods,
JKHY,"Jack Henry & Associates, Inc.",10361942016,Technology,Information Technology Services,
JLL,Jones Lang LaSalle Incorporated,14810340352,Real Estate,Real Estate Services,
JNJ,Johnson & Johnson,653612679168,Healthcare,Drug Manufacturers - General,
JOBY,"Joby Aviation, Inc.",6296580096,Industrials,Airports & Air Services,
JOE,The St. Joe Company,3717558784,Real Estate,Real Estate - Diversified,
JOYY,JOYY Inc.,3906616320,Communication Services,Internet Content & Information,
JPM,JPMorgan Chase & Co.,911917383680,Financial Services,Banks - Diversified,
JXN,Jackson Financial Inc.,9016049664,Financial Services,Insurance - Life,
KAI,Kadant Inc.,3234399232,Industrials,Specialty Industrial Machinery,
KALU,Kaiser Aluminum Corporation,2494054144,Basic Materials,Aluminum,
KB,KB Financial Group Inc.,44681764864,Financial Services,Banks - Regional,
KBH,KB Home,2919008000,Consumer Cyclical,Residential Construction,
KBR,"KBR, Inc.",4354380288,Industrials,Engineering & Construction,
KC,Kingsoft Cloud Holdings Limited,2891910912,Technology,Software - Application,
KD,"Kyndryl Holdings, Inc.",2526691840,Technology,Information Technology Services,
KDP,Keurig Dr Pepper Inc.,43478392832,Consumer Defensive,Beverages - Non-Alcoholic,
KEN,Kenon Holdings Ltd.,3321910272,Utilities,Utilities - Independent Power Producers,
KEP,Korea Electric Power Corporation,14136049664,Utilities,Utilities - Regulated Electric,
KEX,Kirby Corporation,6804864512,Industrials,Marine Shipping,
KEY,KeyCorp,21993521152,Financial Services,Banks - Regional,
KEYS,"Keysight Technologies, Inc.",61654134784,Technology,Scientific & Technical Instruments,
KFY,Korn Ferry,3913506560,Industrials,Staffing & Employment Services,
KGC,Kinross Gold Corporation,29715331072,Basic Materials,Gold,
KGS,"Kodiak Gas Services, Inc.",5349414400,Energy,Oil & Gas Equipment & Services,
KHC,The Kraft Heinz Company,28021014528,Consumer Defensive,Packaged Foods,
KIM,Kimco Realty Corporation,15052514304,Real Estate,REIT - Retail,
KKR,KKR & Co. Inc.,89283493888,Financial Services,Asset Management,
KLAC,KLA Corporation,245236809728,Technology,Semiconductor Equipment & Materials,
KLAR,Klarna Group plc,4853249024,Financial Services,Credit Services,
KLIC,"Kulicke and Soffa Industries, Inc.",4771368960,Technology,Semiconductor Equipment & Materials,
KMB,Kimberly-Clark Corporation,32672888832,Consumer Defensive,Household & Personal Products,
KMI,"Kinder Morgan, Inc.",68413394944,Energy,Oil & Gas Midstream,
KMPR,Kemper Corporation,1491934208,Financial Services,Insurance - Property & Casualty,
KMT,Kennametal Inc.,2370382848,Industrials,Tools & Accessories,
KMX,"CarMax, Inc.",8118734336,Consumer Cyclical,Auto & Truck Dealerships,
KN,Knowles Corporation,3205449472,Technology,Electronic Components,
KNF,Knife River Corporation,3097625600,Basic Materials,Building Materials,
KNSA,"Kiniksa Pharmaceuticals International, plc",5776506368,Healthcare,Drug Manufacturers - Specialty & Generic,
KNSL,"Kinsale Capital Group, Inc.",7528040960,Financial Services,Insurance - Property & Casualty,
KNTK,Kinetik Holdings Inc.,8664725504,Energy,Oil & Gas Midstream,
KNX,Knight-Swift Transportation Holdings Inc.,10362674176,Industrials,Trucking,
KO,The Coca-Cola Company,377806815232,Consumer Defensive,Beverages - Non-Alcoholic,
KOD,Kodiak Sciences Inc.,2033179776,Healthcare,Biotechnology,
KOF,"Coca-Cola FEMSA, S.A.B. de C.V.",23157475328,Consumer Defensive,Beverages - Non-Alcoholic,
KOS,Kosmos Energy Ltd.,1578042368,Energy,Oil & Gas E&P,
KR,The Kroger Co.,34691178496,Consumer Defensive,Grocery Stores,
KRC,Kilroy Realty Corporation,4020058624,Real Estate,REIT - Office,
KRG,Kite Realty Group Trust,5152162304,Real Estate,REIT - Retail,
KRMN,Karman Holdings Inc.,4730127872,Industrials,Aerospace & Defense,
KRP,"Kimbell Royalty Partners, LP",1872408192,Energy,Oil & Gas E&P,
KRYS,"Krystal Biotech, Inc.",10235869184,Healthcare,Biotechnology,
KSPI,Joint Stock Company Kaspi.kz,18179907584,Technology,Software - Infrastructure,
KSS,Kohl's Corporation,2029438336,Consumer Cyclical,Department Stores,
KT,KT Corporation,9382393856,Communication Services,Telecom Services,
KTB,"Kontoor Brands, Inc.",3572707328,Consumer Cyclical,Apparel Manufacturing,
KTOS,"Kratos Defense & Security Solutions, Inc.",8554661376,Industrials,Aerospace & Defense,
KVUE,Kenvue Inc.,34189766656,Consumer Defensive,Household & Personal Products,
KVYO,"Klaviyo, Inc.",4498693120,Technology,Software - Application,
KWR,Quaker Chemical Corporation,2812598784,Basic Materials,Specialty Chemicals,
KYIV,Kyivstar Group Ltd.,3013031168,Communication Services,Telecom Services,
KYMR,"Kymera Therapeutics, Inc.",9308710912,Healthcare,Biotechnology,
KYN,"Kayne Anderson Energy Infrastructure Fund, Inc.",2339013120,Financial Services,Asset Management,
L,Loews Corporation,21428113408,Financial Services,Insurance - Property & Casualty,
LAD,"Lithia Motors, Inc.",6955897856,Consumer Cyclical,Auto & Truck Dealerships,
LADR,Ladder Capital Corp,1151936896,Real Estate,REIT - Mortgage,
LAMR,Lamar Advertising Company,14621122560,Real Estate,REIT - Specialty,
LASR,"nLIGHT, Inc.",2326645760,Technology,Semiconductors,
LAUR,"Laureate Education, Inc.",5151826432,Consumer Defensive,Education & Training Services,
LAZ,"Lazard, Inc.",3614631936,Financial Services,Capital Markets,
LB,LandBridge Company LLC,6374935040,Energy,Oil & Gas E&P,
LBRDA,Liberty Broadband Corporation,5177567232,Communication Services,Telecom Services,
LBRT,Liberty Energy Inc.,3090845696,Energy,Oil & Gas Equipment & Services,
LBRX,LB Pharmaceuticals Inc,1204235136,Healthcare,Biotechnology,
LBTYA,Liberty Global Ltd.,3223277312,Communication Services,Telecom Services,
LBTYK,Liberty Global Ltd.,3158470912,Communication Services,Telecom Services,
LCID,"Lucid Group, Inc.",1588345216,Consumer Cyclical,Auto Manufacturers,
LCII,LCI Industries,2054565632,Consumer Cyclical,Recreational Vehicles,
LDOS,"Leidos Holdings, Inc.",15548341248,Technology,Information Technology Services,
LEA,Lear Corporation,8169389056,Consumer Cyclical,Auto Parts,
LECO,"Lincoln Electric Holdings, Inc.",14809214976,Industrials,Tools & Accessories,
LEGN,Legend Biotech Corporation,3716673792,Healthcare,Biotechnology,
LEN,Lennar Corporation,19789535232,Consumer Cyclical,Residential Construction,
LEU,Centrus Energy Corp.,3008038656,Energy,Uranium,
LEVI,Levi Strauss & Co.,7593101312,Consumer Cyclical,Apparel Manufacturing,
LFST,"LifeStance Health Group, Inc.",4501025280,Healthcare,Medical Care Facilities,
LFUS,"Littelfuse, Inc.",10901650432,Technology,Electronic Components,
LGIH,"LGI Homes, Inc.",1161381760,Consumer Cyclical,Residential Construction,
LGN,Legence Corp.,8628245504,Industrials,Engineering & Construction,
LGND,Ligand Pharmaceuticals Incorporated,6010984448,Healthcare,Biotechnology,
LH,Labcorp Holdings Inc.,25111805952,Healthcare,Diagnostics & Research,
LHX,"L3Harris Technologies, Inc.",44261355520,Industrials,Aerospace & Defense,
LI,Li Auto Inc.,11238657024,Consumer Cyclical,Auto Manufacturers,
LIF,"Life360, Inc.",3348843008,Technology,Software - Application,
LII,Lennox International Inc.,12917743616,Industrials,Building Products & Equipment,
LILA,Liberty Latin America Ltd.,1661231872,Communication Services,Telecom Services,
LILAK,Liberty Latin America Ltd.,1663190912,Communication Services,Telecom Services,
LIN,Linde plc,216609980416,Basic Materials,Specialty Chemicals,
LIND,"Lindblad Expeditions Holdings, Inc.",1866880128,Consumer Cyclical,Travel Services,
LINE,"Lineage, Inc.",8991937536,Real Estate,REIT - Industrial,
LION,Lionsgate Studios Corp.,3228522752,,,
LITE,Lumentum Holdings Inc.,84466008064,Technology,Communication Equipment,
LIVN,LivaNova PLC,4221815296,Healthcare,Medical Devices,
LKFN,Lakeland Financial Corporation,1479289984,Financial Services,Banks - Regional,
LKQ,LKQ Corporation,5892418560,Consumer Cyclical,Auto Parts,
LLY,Eli Lilly and Company,1054885412864,Healthcare,Drug Manufacturers - General,
LLYVA,"Liberty Live Holdings, Inc.",8861958144,Communication Services,Entertainment,
LLYVK,"Liberty Live Holdings, Inc.",9141654528,Communication Services,Entertainment,
LMAT,"LeMaitre Vascular, Inc.",1864301696,Healthcare,Medical Instruments & Supplies,
LMND,"Lemonade, Inc.",3477430016,Financial Services,Insurance - Property & Casualty,
LMT,Lockheed Martin Corporation,119909646336,Industrials,Aerospace & Defense,
LNC,Lincoln National Corporation,7981438976,Financial Services,Insurance - Life,
LNG,"Cheniere Energy, Inc.",55462686720,Energy,Oil & Gas Midstream,
LNN,Lindsay Corporation,1161795072,Industrials,Farm & Heavy Construction Machinery,
LNT,Alliant Energy Corporation,16490507264,Utilities,Utilities - Regulated Electric,
LNTH,"Lantheus Holdings, Inc.",6513009664,Healthcare,Drug Manufacturers - Specialty & Generic,
LOAR,Loar Holdings Inc.,6093498368,Industrials,Aerospace & Defense,
LOB,"Live Oak Bancshares, Inc.",1734710016,Financial Services,Banks - Regional,
LOGI,Logitech International S.A.,14474908672,Technology,Computer Hardware,
LOMA,Loma Negra Compañía Industrial Argentina Sociedad Anónima,1091113600,Basic Materials,Building Materials,
LOPE,"Grand Canyon Education, Inc.",3838858496,Consumer Defensive,Education & Training Services,
LOW,"Lowe's Companies, Inc.",106196303872,Consumer Cyclical,Home Improvement Retail,
LPG,Dorian LPG Ltd.,2285878528,Energy,Oil & Gas Midstream,
LPL,"LG Display Co., Ltd.",2980000000,Technology,Consumer Electronics,
LPLA,LPL Financial Holdings Inc.,24753424384,Financial Services,Capital Markets,
LPX,Louisiana-Pacific Corporation,4663890944,Industrials,Building Products & Equipment,
LQDA,Liquidia Corporation,6125093376,Healthcare,Drug Manufacturers - Specialty & Generic,
LQDT,"Liquidity Services, Inc.",1366371840,Consumer Cyclical,Internet Retail,
LRCX,Lam Research Corporation,394461478912,Technology,Semiconductor Equipment & Materials,
LRN,"Stride, Inc.",3264941312,Consumer Defensive,Education & Training Services,
LSCC,Lattice Semiconductor Corporation,18150987776,Technology,Semiconductors,
LSPD,Lightspeed Commerce Inc.,1276187008,Technology,Software - Application,
LSTR,"Landstar System, Inc.",5557850112,Industrials,Integrated Freight & Logistics,
LTC,"LTC Properties, Inc.",2314704896,Real Estate,REIT - Healthcare Facilities,
LTH,"Life Time Group Holdings, Inc.",8931774464,Consumer Cyclical,Leisure,
LTM,LATAM Airlines Group S.A.,15354419200,Industrials,Airlines,
LU,Lufax Holding Ltd,1066027328,Financial Services,Credit Services,
LULU,lululemon athletica inc.,11214925824,Consumer Cyclical,Apparel Retail,
LUMN,"Lumen Technologies, Inc.",5883076096,Communication Services,Telecom Services,
LUNR,"Intuitive Machines, Inc.",2504660480,Industrials,Aerospace & Defense,
LUV,Southwest Airlines Co.,20879405056,Industrials,Airlines,
LUXE,LuxExperience B.V.,1310384384,Consumer Cyclical,Luxury Goods,
LVS,Las Vegas Sands Corp.,25253869568,Consumer Cyclical,Resorts & Casinos,
LW,"Lamb Weston Holdings, Inc.",5991516160,Consumer Defensive,Packaged Foods,
LXP,LXP Industrial Trust,3589318400,Real Estate,REIT - Industrial,
LYB,LyondellBasell Industries N.V.,18781425664,Basic Materials,Specialty Chemicals,
LYFT,"Lyft, Inc.",5627000832,Technology,Software - Application,
LYG,Lloyds Banking Group plc,83198844928,Financial Services,Banks - Regional,
LYV,"Live Nation Entertainment, Inc.",39805788160,Communication Services,Entertainment,
LZB,La-Z-Boy Incorporated,1196776832,Consumer Cyclical,"Furnishings, Fixtures & Appliances",
M,"Macy's, Inc.",5913038848,Consumer Cyclical,Department Stores,
MA,Mastercard Incorporated,497267048448,Financial Services,Credit Services,
MAA,"Mid-America Apartment Communities, Inc.",14122307584,Real Estate,REIT - Residential,
MAC,The Macerich Company,6679487488,Real Estate,REIT - Retail,
MAIN,Main Street Capital Corporation,5152316416,Financial Services,Asset Management,
MAN,ManpowerGroup Inc.,2669884672,Industrials,Staffing & Employment Services,
MANH,"Manhattan Associates, Inc.",12012573696,Technology,Software - Application,
MANU,Manchester United plc,3518824448,Communication Services,Entertainment,
MAR,"Marriott International, Inc.",91797553152,Consumer Cyclical,Lodging,
MARA,"MARA Holdings, Inc.",4848056320,Financial Services,Capital Markets,
MAS,Masco Corporation,13576353792,Industrials,Building Products & Equipment,
MAT,"Mattel, Inc.",3796953088,Consumer Cyclical,Leisure,
MATX,"Matson, Inc.",6718111232,Industrials,Marine Shipping,
MAZE,"Maze Therapeutics, Inc.",1447055744,Healthcare,Biotechnology,
MBC,"MasterBrand, Inc.",1471236352,Consumer Cyclical,"Furnishings, Fixtures & Appliances",
MBIN,Merchants Bancorp,2393234688,Financial Services,Banks - Regional,
MBLY,Mobileye Global Inc.,6827005952,Consumer Cyclical,Auto Parts,
MBWM,Mercantile Bank Corporation,1037674240,Financial Services,Banks - Regional,
MBX,"MBX Biosciences, Inc.",2582825984,Healthcare,Biotechnology,
MC,Moelis & Company,4351512064,Financial Services,Capital Markets,
MCB,Metropolitan Bank Holding Corp.,1110840832,Financial Services,Banks - Regional,
MCBS,"MetroCity Bankshares, Inc.",1002528256,Financial Services,Banks - Regional,
MCD,McDonald's Corporation,167357218816,Consumer Cyclical,Restaurants,
MCHB,Mechanics Bancorp,3359040256,Financial Services,Banks - Regional,
MCHP,Microchip Technology Incorporated,42729357312,Technology,Semiconductors,
MCK,McKesson Corporation,101041872896,Healthcare,Medical Distribution,
MCO,Moody's Corporation,81169932288,Financial Services,Financial Data & Stock Exchanges,
MCRI,"Monarch Casino & Resort, Inc.",2110197504,Consumer Cyclical,Resorts & Casinos,
MCY,Mercury General Corporation,5506183680,Financial Services,Insurance - Property & Casualty,
MD,"Pediatrix Medical Group, Inc.",2137773568,Healthcare,Medical Care Facilities,
MDB,"MongoDB, Inc.",33063546880,Technology,Software - Infrastructure,
MDGL,"Madrigal Pharmaceuticals, Inc.",11934667776,Healthcare,Biotechnology,
MDLZ,"Mondelez International, Inc.",77339901952,Consumer Defensive,Confectioners,
MDT,Medtronic plc,113382785024,Healthcare,Medical Devices,
MDU,"MDU Resources Group, Inc.",3946155776,Utilities,Utilities - Regulated Gas,
MEDP,"Medpace Holdings, Inc.",17273966592,Healthcare,Diagnostics & Research,
MELI,"MercadoLibre, Inc.",88851718144,Consumer Cyclical,Internet Retail,
MEOH,Methanex Corporation,4553273856,Basic Materials,Chemicals,
MESO,Mesoblast Limited,1963405824,Healthcare,Biotechnology,
MET,"MetLife, Inc.",62086094848,Financial Services,Insurance - Life,
META,"Meta Platforms, Inc.",1914858373120,Communication Services,Internet Content & Information,
MFC,Manulife Financial Corporation,72667947008,Financial Services,Insurance - Life,
MFG,"Mizuho Financial Group, Inc.",133980635136,Financial Services,Banks - Regional,
MGA,Magna International Inc.,17388789760,Consumer Cyclical,Auto Parts,
MGEE,"MGE Energy, Inc.",2647147776,Utilities,Utilities - Regulated Electric,
MGM,MGM Resorts International,8196892160,Consumer Cyclical,Resorts & Casinos,
MGNI,"Magnite, Inc.",3437876992,Communication Services,Advertising Agencies,
MGRC,McGrath RentCorp,2765718016,Industrials,Rental & Leasing Services,
MGTX,MeiraGTx Holdings plc,1047829056,Healthcare,Biotechnology,
MGY,Magnolia Oil & Gas Corporation,6622898176,Energy,Oil & Gas E&P,
MH,"McGraw Hill, Inc.",2435361024,Consumer Defensive,Education & Training Services,
MHK,"Mohawk Industries, Inc.",8478106112,Consumer Cyclical,"Furnishings, Fixtures & Appliances",
MHO,"M/I Homes, Inc.",3508020736,Consumer Cyclical,Residential Construction,
MIAX,"Miami International Holdings, Inc.",3463158528,Financial Services,Capital Markets,
MIDD,The Middleby Corporation,4868638208,Industrials,Specialty Industrial Machinery,
MIR,"Mirion Technologies, Inc.",3882574848,Industrials,Specialty Industrial Machinery,
MIRM,"Mirum Pharmaceuticals, Inc.",5824418304,Healthcare,Biotechnology,
MKC,"McCormick & Company, Incorporated",12888742912,Consumer Defensive,Packaged Foods,
MKL,Markel Group Inc.,21406502912,Financial Services,Insurance - Property & Casualty,
MKSI,MKS Inc.,17636012032,Technology,Scientific & Technical Instruments,
MKTX,MarketAxess Holdings Inc.,5779027456,Financial Services,Capital Markets,
MLCO,Melco Resorts & Entertainment Limited,1798554368,Consumer Cyclical,Resorts & Casinos,
MLI,"Mueller Industries, Inc.",13385897984,Industrials,Metal Fabrication,
MLKN,"MillerKnoll, Inc.",1378785280,Consumer Cyclical,"Furnishings, Fixtures & Appliances",
MLM,"Martin Marietta Materials, Inc.",34394685440,Basic Materials,Building Materials,
MLTX,MoonLake Immunotherapeutics,1024684544,Healthcare,Biotechnology,
MLYS,"Mineralys Therapeutics, Inc.",2279778304,Healthcare,Biotechnology,
MMI,"Marcus & Millichap, Inc.",1126662400,Real Estate,Real Estate Services,
MMM,3M Company,87440736256,Industrials,Conglomerates,
MMS,"Maximus, Inc.",2754542080,Industrials,Specialty Business Services,
MMSI,"Merit Medical Systems, Inc.",5224661504,Healthcare,Medical Instruments & Supplies,
MMYT,MakeMyTrip Limited,4397242368,Consumer Cyclical,Travel Services,
MNDY,monday.com Ltd.,3536653056,Technology,Software - Application,
MNKD,MannKind Corporation,1073958528,Healthcare,Biotechnology,
MNR,Mach Natural Resources LP,1736260096,Energy,Oil & Gas E&P,
MNSO,MINISO Group Holding Limited,2580449792,Consumer Cyclical,Specialty Retail,
MNST,Monster Beverage Corporation,84454719488,Consumer Defensive,Beverages - Non-Alcoholic,
MO,"Altria Group, Inc.",114911772672,Consumer Defensive,Tobacco,
MOD,Modine Manufacturing Company,10520034304,Consumer Cyclical,Auto Parts,
MOH,"Molina Healthcare, Inc.",9962892288,Healthcare,Healthcare Plans,
MORN,"Morningstar, Inc.",7351909888,Financial Services,Financial Data & Stock Exchanges,
MOS,The Mosaic Company,7314779136,Basic Materials,Agricultural Inputs,
MP,MP Materials Corp.,8696700928,Basic Materials,Other Industrial Metals & Mining,
MPC,Marathon Petroleum Corporation,114882904064,Energy,Oil & Gas Refining & Marketing,
MPLX,MPLX LP,57636872192,Energy,Oil & Gas Midstream,
MPWR,"Monolithic Power Systems, Inc.",67199614976,Technology,Semiconductors,
MQ,"Marqeta, Inc.",1784226688,Technology,Software - Infrastructure,
MRCY,"Mercury Systems, Inc.",5001769472,Industrials,Aerospace & Defense,
MRK,"Merck & Co., Inc.",367065792512,Healthcare,Drug Manufacturers - General,
MRNA,"Moderna, Inc.",79400042496,Healthcare,Biotechnology,
MRP,"Millrose Properties, Inc.",4514843136,Real Estate,REIT - Residential,
MRTN,"Marten Transport, Ltd.",1050052160,Industrials,Trucking,
MRVI,"Maravai LifeSciences Holdings, Inc.",2814718464,Healthcare,Biotechnology,
MRVL,"Marvell Technology, Inc.",235402199040,Technology,Semiconductors,
MRX,Marex Group Limited,5129390080,Financial Services,Capital Markets,
MS,Morgan Stanley,308317847552,Financial Services,Capital Markets,
MSA,MSA Safety Incorporated,7038994432,Industrials,Security & Protection Services,
MSCI,MSCI Inc.,40083869696,Financial Services,Financial Data & Stock Exchanges,
MSDL,Morgan Stanley Direct Lending Fund,1201862144,Financial Services,Asset Management,
MSEX,Middlesex Water Company,1007585792,Utilities,Utilities - Regulated Water,
MSFT,Microsoft Corporation,3832843862016,Technology,Software - Infrastructure,
MSGE,Madison Square Garden Entertainment Corp.,3741370624,Communication Services,Entertainment,
MSGS,Madison Square Garden Sports Corp.,9700363264,Communication Services,Entertainment,
MSI,"Motorola Solutions, Inc.",75610808320,Technology,Communication Equipment,
MSM,"MSC Industrial Direct Co., Inc.",6769688064,Industrials,Industrial Distribution,
MSTR,Strategy Inc,63012843520,Technology,Software - Application,
MT,ArcelorMittal S.A.,53197615104,Basic Materials,Steel,
MTB,M&T Bank Corporation,32057729024,Financial Services,Banks - Regional,
MTCH,"Match Group, Inc.",9308292096,Communication Services,Internet Content & Information,
MTD,Mettler-Toledo International Inc.,30288066560,Healthcare,Diagnostics & Research,
MTDR,Matador Resources Company,6379529728,Energy,Oil & Gas E&P,
MTG,MGIC Investment Corporation,5841955328,Financial Services,Insurance - Specialty,
MTH,Meritage Homes Corporation,4235012608,Consumer Cyclical,Residential Construction,
MTN,"Vail Resorts, Inc.",4850079744,Consumer Cyclical,Resorts & Casinos,
MTRN,Materion Corporation,5520103424,Basic Materials,Other Industrial Metals & Mining,
MTSI,"MACOM Technology Solutions Holdings, Inc.",21809246208,Technology,Semiconductors,
MTX,Minerals Technologies Inc.,2085004544,Basic Materials,Specialty Chemicals,
MTZ,"MasTec, Inc.",17092908032,Industrials,Engineering & Construction,
MU,"Micron Technology, Inc.",1222319669248,Technology,Semiconductors,
MUFG,"Mitsubishi UFJ Financial Group, Inc.",264285356032,Financial Services,Banks - Diversified,
MUR,Murphy Oil Corporation,5209036288,Energy,Oil & Gas E&P,
MUSA,Murphy USA Inc.,9402283008,Consumer Cyclical,Specialty Retail,
MUX,McEwen Inc.,1167040000,Basic Materials,Other Precious Metals & Mining,
MWA,"Mueller Water Products, Inc.",3376998400,Industrials,Specialty Industrial Machinery,
MXL,"MaxLinear, Inc.",8510648832,Technology,Semiconductors,
MYE,"Myers Industries, Inc.",1179702784,Consumer Cyclical,Packaging & Containers,
MYRG,MYR Group Inc.,4555251200,Industrials,Engineering & Construction,
MZTI,The Marzetti Company,2741926912,Consumer Defensive,Packaged Foods,
NAMS,NewAmsterdam Pharma Company N.V.,2699149312,Healthcare,Biotechnology,
NAT,Nordic American Tankers Limited,1634715008,Energy,Oil & Gas Midstream,
NATL,NCR Atleos Corporation,3405170944,Technology,Software - Application,
NAVN,"Navan, Inc.",5055869952,Technology,Software - Application,
NBHC,National Bank Holdings Corporation,1789153536,Financial Services,Banks - Regional,
NBIS,Nebius Group N.V.,60257656832,Communication Services,Internet Content & Information,
NBIX,"Neurocrine Biosciences, Inc.",14068246528,Healthcare,Drug Manufacturers - Specialty & Generic,
NBR,Nabors Industries Ltd.,1235531520,Energy,Oil & Gas Drilling,
NBTB,NBT Bancorp Inc.,2679580160,Financial Services,Banks - Regional,
NCLH,Norwegian Cruise Line Holdings Ltd.,6708733952,Consumer Cyclical,Travel Services,
NCNO,"nCino, Inc.",2052339200,Technology,Software - Application,
NDAQ,"Nasdaq, Inc.",52292333568,Financial Services,Financial Data & Stock Exchanges,
NDSN,Nordson Corporation,18151235584,Industrials,Specialty Industrial Machinery,
NE,Noble Corporation plc,6835879936,Energy,Oil & Gas Drilling,
NEE,"NextEra Energy, Inc.",158672863232,Utilities,Utilities - Regulated Electric,
NEM,Newmont Corporation,127949856768,Basic Materials,Gold,
NEO,"NeoGenomics, Inc.",2516993536,Healthcare,Diagnostics & Research,
NEOG,Neogen Corporation,3001138688,Healthcare,Medical Devices,
NESR,National Energy Services Reunited Corp.,3240366848,Energy,Oil & Gas Equipment & Services,
NET,"Cloudflare, Inc.",124278939648,Technology,Software - Infrastructure,
NEU,NewMarket Corporation,8258740224,Basic Materials,Specialty Chemicals,
NEWP,New Pacific Metals Corp.,1228618240,Basic Materials,Silver,
NEXA,Nexa Resources S.A.,1647536256,Basic Materials,Other Industrial Metals & Mining,
NEXT,NextDecade Corporation,1746176512,Energy,Oil & Gas Equipment & Services,
NFG,National Fuel Gas Company,7507612160,Energy,Oil & Gas Integrated,
NFLX,"Netflix, Inc.",296243462144,Communication Services,Entertainment,
NG,NovaGold Resources Inc.,3128505856,Basic Materials,Gold,
NGG,National Grid plc,75894628352,Utilities,Utilities - Regulated Electric,
NGL,NGL Energy Partners LP,1869595776,Energy,Oil & Gas Midstream,
NGVT,Ingevity Corporation,2509588224,Basic Materials,Specialty Chemicals,
NHC,National HealthCare Corporation,3560774656,Healthcare,Medical Care Facilities,
NHI,"National Health Investors, Inc.",3286470144,Real Estate,REIT - Healthcare Facilities,
NI,NiSource Inc.,18904258560,Utilities,Utilities - Regulated Gas,
NIC,"Nicolet Bankshares, Inc.",3529244928,Financial Services,Banks - Regional,
NICE,NICE Ltd.,6592953344,Technology,Software - Application,
NIO,NIO Inc.,8970288128,Consumer Cyclical,Auto Manufacturers,
NIQ,NIQ Global Intelligence plc,5259063296,,,
NJR,New Jersey Resources Corporation,5107640832,Utilities,Utilities - Regulated Gas,
NKE,"NIKE, Inc.",53035081728,Consumer Cyclical,Footwear & Accessories,
NKTR,Nektar Therapeutics,1948199168,Healthcare,Biotechnology,
NLY,"Annaly Capital Management, Inc.",15534054400,Real Estate,REIT - Mortgage,
NMAX,"Newsmax, Inc.",1403976192,Communication Services,Broadcasting,
NMIH,"NMI Holdings, Inc.",3101231872,Financial Services,Insurance - Specialty,
NMM,Navios Maritime Partners L.P.,2647000320,Industrials,Marine Shipping,
NMR,"Nomura Holdings, Inc.",29401274368,Financial Services,Capital Markets,
NMRK,"Newmark Group, Inc.",3196251392,Real Estate,Real Estate Services,
NN,NextNav Inc.,2427486464,Technology,Software - Infrastructure,
NNI,"Nelnet, Inc.",4448815616,Financial Services,Credit Services,
NNN,"NNN REIT, Inc.",7926766592,Real Estate,REIT - Retail,
NOC,Northrop Grumman Corporation,72526012416,Industrials,Aerospace & Defense,
NOG,"Northern Oil and Gas, Inc.",2481529344,Energy,Oil & Gas E&P,
NOK,Nokia Oyj,58169921536,Technology,Communication Equipment,
NOMD,Nomad Foods Limited,1485980160,Consumer Defensive,Packaged Foods,
NOV,NOV Inc.,7079655424,Energy,Oil & Gas Equipment & Services,
NOVT,Novanta Inc.,5443110912,Technology,Scientific & Technical Instruments,
NOW,"ServiceNow, Inc.",140212355072,Technology,Software - Application,
NP,Neptune Insurance Holdings Inc.,3775282176,Financial Services,Insurance Brokers,
NPO,Enpro Inc.,6592250368,Industrials,Specialty Industrial Machinery,
NRG,"NRG Energy, Inc.",21098825728,Utilities,Utilities - Independent Power Producers,
NRIX,"Nurix Therapeutics, Inc.",2388016384,Healthcare,Biotechnology,
NRP,Natural Resource Partners L.P.,1441379840,Energy,Thermal Coal,
NSC,Norfolk Southern Corporation,70302416896,Industrials,Railroads,
NSIT,"Insight Enterprises, Inc.",4667347456,Technology,Electronics & Computer Distribution,
NSP,"Insperity, Inc.",1826879872,Industrials,Staffing & Employment Services,
NSSC,"Napco Security Technologies, Inc.",1275502464,Industrials,Security & Protection Services,
NTAP,"NetApp, Inc.",39508701184,Technology,Software - Infrastructure,
NTB,The Bank of N.T. Butterfield & Son Limited,2318308352,Financial Services,Banks - Diversified,
NTCT,"NetScout Systems, Inc.",2867576320,Technology,Software - Infrastructure,
NTES,"NetEase, Inc.",73891274752,Communication Services,Electronic Gaming & Multimedia,
NTLA,"Intellia Therapeutics, Inc.",1646488576,Healthcare,Biotechnology,
NTNX,"Nutanix, Inc.",18406889472,Technology,Software - Infrastructure,
NTR,Nutrien Ltd.,34468884480,Basic Materials,Agricultural Inputs,
NTRA,"Natera, Inc.",59468120064,Healthcare,Diagnostics & Research,
NTRS,Northern Trust Corporation,32150794240,Financial Services,Asset Management,
NTSK,"Netskope, Inc.",7219745280,Technology,Software - Infrastructure,
NTST,NETSTREIT Corp.,1778620672,Real Estate,REIT - Retail,
NU,Nu Holdings Ltd.,65649061888,Financial Services,Banks - Regional,
NUE,Nucor Corporation,56095010816,Basic Materials,Steel,
NUVB,Nuvation Bio Inc.,2015447296,Healthcare,Biotechnology,
NVAX,"Novavax, Inc.",1753373056,Healthcare,Biotechnology,
NVCR,NovoCure Limited,1844502144,Healthcare,Medical Devices,
NVDA,NVIDIA Corporation,5434765213696,Technology,Semiconductors,
NVGS,Navigator Holdings Ltd.,1415571840,Energy,Oil & Gas Midstream,
NVMI,Nova Ltd.,11711982592,Technology,Semiconductor Equipment & Materials,
NVO,Novo Nordisk A/S,171371249664,Healthcare,Drug Manufacturers - General,
NVS,Novartis AG,276478001152,Healthcare,Drug Manufacturers - General,
NVST,Envista Holdings Corporation,3846794240,Healthcare,Medical Instruments & Supplies,
NVT,nVent Electric plc,26611064832,Industrials,Electrical Equipment & Parts,
NVTS,Navitas Semiconductor Corporation,3203176704,Technology,Semiconductors,
NWBI,"Northwest Bancshares, Inc.",2242289152,Financial Services,Banks - Regional,
NWE,"NorthWestern Energy Group, Inc.",4234888448,Utilities,Utilities - Regulated Electric,
NWG,NatWest Group plc,73329934336,Financial Services,Banks - Regional,
NWL,Newell Brands Inc.,2312636928,Consumer Defensive,Household & Personal Products,
NWN,Northwest Natural Holding Company,1980080000,Utilities,Utilities - Regulated Gas,
NWS,News Corporation,17132903424,Communication Services,Entertainment,
NWSA,News Corporation,15373745152,Communication Services,Entertainment,
NXE,NexGen Energy Ltd.,6082947584,Energy,Uranium,
NXPI,NXP Semiconductors N.V.,60035248128,Technology,Semiconductors,
NXRT,"NexPoint Residential Trust, Inc.",1013498624,Real Estate,REIT - Residential,
NXST,"Nexstar Media Group, Inc.",4994025472,Communication Services,Broadcasting,
NXT,Nextpower Inc.,12421660672,Technology,Solar,
NYT,The New York Times Company,10294731776,Communication Services,Publishing,
O,Realty Income Corporation,52552949760,Real Estate,REIT - Retail,
OBDC,Blue Owl Capital Corporation,5330871296,Financial Services,Asset Management,
OBK,"Origin Bancorp, Inc.",1654776704,Financial Services,Banks - Regional,
OC,Owens Corning,9794922496,Industrials,Building Products & Equipment,
OCFC,OceanFirst Financial Corp.,1652633216,Financial Services,Banks - Regional,
OCSL,Oaktree Specialty Lending Corporation,1065834816,Financial Services,Asset Management,
OCUL,"Ocular Therapeutix, Inc.",2119293056,Healthcare,Biotechnology,
ODFL,"Old Dominion Freight Line, Inc.",35934904320,Industrials,Trucking,
OFG,OFG Bancorp,2195269888,Financial Services,Banks - Regional,
OGE,OGE Energy Corp.,9247633408,Utilities,Utilities - Regulated Electric,
OGN,Organon & Co.,3605627392,Healthcare,Drug Manufacturers - General,
OGS,"ONE Gas, Inc.",4513080320,Utilities,Utilities - Regulated Gas,
OHI,"Omega Healthcare Investors, Inc.",14596492288,Real Estate,REIT - Healthcare Facilities,
OII,"Oceaneering International, Inc.",4604241408,Energy,Oil & Gas Equipment & Services,
OKE,"ONEOK, Inc.",55873167360,Energy,Oil & Gas Midstream,
OKLO,Oklo Inc.,7076111360,Utilities,Utilities - Independent Power Producers,
OKTA,"Okta, Inc.",34123296768,Technology,Software - Infrastructure,
OLED,Universal Display Corporation,3557373440,Technology,Electronic Components,
OLLI,"Ollie's Bargain Outlet Holdings, Inc.",5004652544,Consumer Defensive,Discount Stores,
OLN,Olin Corporation,1869312768,Basic Materials,Chemicals,
OMAB,"Grupo Aeroportuario del Centro Norte, S.A.B. de C.V.",4973379072,Industrials,Airports & Air Services,
OMC,Omnicom Group Inc.,21703223296,Communication Services,Advertising Agencies,
OMCL,"Omnicell, Inc.",1535396992,Healthcare,Health Information Services,
OMDA,"Omada Health, Inc.",1203520384,Healthcare,Health Information Services,
OMER,Omeros Corporation,1453557504,Healthcare,Biotechnology,
OMF,"OneMain Holdings, Inc.",6598778880,Financial Services,Credit Services,
ON,ON Semiconductor Corporation,30055397376,Technology,Semiconductors,
ONB,Old National Bancorp,9751708672,Financial Services,Banks - Regional,
ONC,BeOne Medicines AG,40820133888,Healthcare,Biotechnology,
ONDS,Ondas Inc.,4448792576,Technology,Communication Equipment,
ONON,On Holding AG,10013071360,Consumer Cyclical,Footwear & Accessories,
ONTO,Onto Innovation Inc.,17581545472,Technology,Semiconductor Equipment & Materials,
OPCH,"Option Care Health, Inc.",3455545600,Healthcare,Medical Care Facilities,
OPEN,Opendoor Technologies Inc.,2479373056,Real Estate,Real Estate Services,
OPK,"OPKO Health, Inc.",1223978368,Healthcare,Diagnostics & Research,
OPRA,Opera Limited,1569391744,Communication Services,Internet Content & Information,
OPY,Oppenheimer Holdings Inc.,1282604800,Financial Services,Capital Markets,
OR,OR Royalties Inc.,6701724160,Basic Materials,Gold,
ORA,"Ormat Technologies, Inc.",5757958144,Utilities,Utilities - Renewable,
ORC,"Orchid Island Capital, Inc.",1127195776,Real Estate,REIT - Mortgage,
ORCL,Oracle Corporation,414554226688,Technology,Software - Infrastructure,
ORI,Old Republic International Corporation,9111678976,Financial Services,Insurance - Property & Casualty,
ORIC,"ORIC Pharmaceuticals, Inc.",1364068992,Healthcare,Biotechnology,
ORKA,"Oruka Therapeutics, Inc.",5592071168,Healthcare,Biotechnology,
ORLY,"O'Reilly Automotive, Inc.",69663653888,Consumer Cyclical,Auto Parts,
OSBC,"Old Second Bancorp, Inc.",1269349120,Financial Services,Banks - Regional,
OSCR,"Oscar Health, Inc.",9135891456,Healthcare,Healthcare Plans,
OSIS,"OSI Systems, Inc.",3144393728,Technology,Electronic Components,
OSK,Oshkosh Corporation,8277136384,Industrials,Farm & Heavy Construction Machinery,
OSW,OneSpaWorld Holdings Limited,2326350592,Consumer Cyclical,Leisure,
OTEX,Open Text Corporation,5450272768,Technology,Software - Application,
OTIS,Otis Worldwide Corporation,25101336576,Industrials,Specialty Industrial Machinery,
OTTR,Otter Tail Corporation,3750991616,Industrials,Conglomerates,
OUST,"Ouster, Inc.",3152751360,Technology,Electronic Components,
OUT,OUTFRONT Media Inc.,4870139392,Real Estate,REIT - Specialty,
OVV,Ovintiv Inc.,16631958528,Energy,Oil & Gas E&P,
OWL,Blue Owl Capital Inc.,14605897728,Financial Services,Asset Management,
OXY,Occidental Petroleum Corporation,56839380992,Energy,Oil & Gas E&P,
OZK,Bank OZK,5112773632,Financial Services,Banks - Regional,
PAA,"Plains All American Pipeline, L.P.",17229932544,Energy,Oil & Gas Midstream,
PAAS,Pan American Silver Corp.,19918247936,Basic Materials,Gold,
PACS,"PACS Group, Inc.",6536649216,Healthcare,Medical Care Facilities,
PAG,"Penske Automotive Group, Inc.",13764250624,Consumer Cyclical,Auto & Truck Dealerships,
PAGP,"Plains GP Holdings, L.P.",6193151488,Energy,Oil & Gas Midstream,
PAGS,PagSeguro Digital Ltd.,2494596608,Technology,Software - Infrastructure,
PAHC,Phibro Animal Health Corporation,1398725248,Healthcare,Drug Manufacturers - Specialty & Generic,
PAM,Pampa Energía S.A.,4182358272,Industrials,Conglomerates,
PANW,"Palo Alto Networks, Inc.",306537299968,Technology,Software - Infrastructure,
PARR,"Par Pacific Holdings, Inc.",3880717056,Energy,Oil & Gas Refining & Marketing,
PATH,"UiPath, Inc.",6493596672,Technology,Software - Infrastructure,
PATK,"Patrick Industries, Inc.",2199779840,Consumer Cyclical,Recreational Vehicles,
PAX,Patria Investments Limited,1652672896,Financial Services,Asset Management,
PAY,"Paymentus Holdings, Inc.",3799599104,Technology,Software - Infrastructure,
PAYC,"Paycom Software, Inc.",9936489472,Technology,Software - Application,
PAYO,Payoneer Global Inc.,2429560576,Technology,Software - Infrastructure,
PAYX,"Paychex, Inc.",36085743616,Technology,Software - Application,
PB,"Prosperity Bancshares, Inc.",8144379392,Financial Services,Banks - Regional,
PBA,Pembina Pipeline Corporation,25972246528,Energy,Oil & Gas Midstream,
PBF,PBF Energy Inc.,8734980096,Energy,Oil & Gas Refining & Marketing,
PBH,Prestige Consumer Healthcare Inc.,2208126464,Healthcare,Drug Manufacturers - Specialty & Generic,
PBI,Pitney Bowes Inc.,2245537536,Industrials,Integrated Freight & Logistics,
PBR,Petróleo Brasileiro S.A. - Petrobras,131271745536,Energy,Oil & Gas Integrated,
PBT,Permian Basin Royalty Trust,1562792832,Energy,Oil & Gas Midstream,
PCAR,PACCAR Inc,58589683712,Industrials,Farm & Heavy Construction Machinery,
PCG,PG&E Corporation,37049208832,Utilities,Utilities - Regulated Electric,
PCOR,"Procore Technologies, Inc.",7491398144,Technology,Software - Application,
PCT,"PureCycle Technologies, Inc.",1008542144,Industrials,Pollution & Treatment Controls,
PCTY,Paylocity Holding Corporation,7605715968,Technology,Software - Application,
PCVX,"Vaxcyte, Inc.",8364344832,Healthcare,Biotechnology,
PD,"PagerDuty, Inc.",1130985216,Technology,Software - Application,
PDD,PDD Holdings Inc.,110412865536,Consumer Cyclical,Internet Retail,
PDFS,"PDF Solutions, Inc.",2092358528,Technology,Software - Application,
PDM,"Piedmont Realty Trust, Inc.",1147468032,Real Estate,REIT - Office,
PDS,Precision Drilling Corporation,1030536192,Energy,Oil & Gas Drilling,
PEB,Pebblebrook Hotel Trust,2071362944,Real Estate,REIT - Hotel & Motel,
PEBO,Peoples Bancorp Inc.,1409657728,Financial Services,Banks - Regional,
PECO,"Phillips Edison & Company, Inc.",5278403584,Real Estate,REIT - Retail,
PEG,Public Service Enterprise Group Incorporated,33397499904,Utilities,Utilities - Regulated Electric,
PEGA,Pegasystems Inc.,5547844608,Technology,Software - Application,
PEN,"Penumbra, Inc.",12560893952,Healthcare,Medical Devices,
PENG,"Penguin Solutions, Inc.",2880864768,Technology,Information Technology Services,
PENN,"PENN Entertainment, Inc.",2099690240,Consumer Cyclical,Resorts & Casinos,
PEP,"PepsiCo, Inc.",175708585984,Consumer Defensive,Beverages - Non-Alcoholic,
PFBC,Preferred Bank,1297679232,Financial Services,Banks - Regional,
PFE,Pfizer Inc.,163409641472,Healthcare,Drug Manufacturers - General,
PFG,"Principal Financial Group, Inc.",24572788736,Financial Services,Asset Management,
PFGC,Performance Food Group Company,14379984896,Consumer Defensive,Food Distribution,
PFS,"Provident Financial Services, Inc.",2978852608,Financial Services,Banks - Regional,
PFSI,"PennyMac Financial Services, Inc.",3399002368,Financial Services,Mortgage Finance,
PG,The Procter & Gamble Company,339901841408,Consumer Defensive,Household & Personal Products,
PGEN,"Precigen, Inc.",2762960128,Healthcare,Biotechnology,
PGNY,"Progyny, Inc.",1951929856,Healthcare,Healthcare Plans,
PGR,The Progressive Corporation,119272202240,Financial Services,Insurance - Property & Casualty,
PGY,Pagaya Technologies Ltd.,1469963392,Technology,Software - Infrastructure,
PH,Parker-Hannifin Corporation,123379564544,Industrials,Specialty Industrial Machinery,
PHG,Koninklijke Philips N.V.,24396589056,Healthcare,Medical Devices,
PHIN,PHINIA Inc.,2273027072,Consumer Cyclical,Auto Parts,
PHM,"PulteGroup, Inc.",22829789184,Consumer Cyclical,Residential Construction,
PHVS,Pharvaris N.V.,2247948288,Healthcare,Biotechnology,
PI,"Impinj, Inc.",5447240704,Technology,Semiconductors,
PII,Polaris Inc.,3017593856,Consumer Cyclical,Recreational Vehicles,
PINS,"Pinterest, Inc.",10586973184,Communication Services,Internet Content & Information,
PIPR,Piper Sandler Companies,5112288256,Financial Services,Capital Markets,
PJT,PJT Partners Inc.,6464977920,Financial Services,Capital Markets,
PK,Park Hotels & Resorts Inc.,3106650624,Real Estate,REIT - Hotel & Motel,
PKG,Packaging Corporation of America,21132333056,Consumer Cyclical,Packaging & Containers,
PKX,POSCO Holdings Inc.,17226412032,Basic Materials,Steel,
PL,Planet Labs PBC,6341870592,Industrials,Aerospace & Defense,
PLAB,"Photronics, Inc.",1793513856,Technology,Semiconductor Equipment & Materials,
PLD,"Prologis, Inc.",129336762368,Real Estate,REIT - Industrial,
PLMR,"Palomar Holdings, Inc.",3263129600,Financial Services,Insurance - Property & Casualty,
PLNT,"Planet Fitness, Inc.",3237244928,Consumer Cyclical,Leisure,
PLSE,"Pulse Biosciences, Inc.",3682386432,Healthcare,Medical Instruments & Supplies,
PLTR,Palantir Technologies Inc.,455788101632,Technology,Software - Infrastructure,
PLUG,Plug Power Inc.,2766446592,Industrials,Electrical Equipment & Parts,
PLUS,ePlus inc.,2366979840,Technology,Software - Application,
PLXS,Plexus Corp.,7011900928,Technology,Electronic Components,
PM,Philip Morris International Inc.,296884666368,Consumer Defensive,Tobacco,
PNC,"The PNC Financial Services Group, Inc.",90017652736,Financial Services,Banks - Regional,
PNFP,"Pinnacle Financial Partners, Inc.",14351167488,Financial Services,Banks - Regional,
PNR,Pentair plc,8671753216,Industrials,Specialty Industrial Machinery,
PNTG,"The Pennant Group, Inc.",1424058240,Healthcare,Medical Care Facilities,
PNW,Pinnacle West Capital Corporation,11118633984,Utilities,Utilities - Regulated Electric,
PODD,Insulet Corporation,9441187840,Healthcare,Medical Devices,
POET,POET Technologies Inc.,1344661248,Technology,Semiconductors,
PONY,Pony AI Inc.,2993109760,Technology,Information Technology Services,
POOL,Pool Corporation,5992952832,Industrials,Industrial Distribution,
POR,Portland General Electric Company,5509922816,Utilities,Utilities - Regulated Electric,
POST,"Post Holdings, Inc.",3315347200,Consumer Defensive,Packaged Foods,
POWI,"Power Integrations, Inc.",2917703680,Technology,Semiconductors,
POWL,"Powell Industries, Inc.",6904890368,Industrials,Electrical Equipment & Parts,
PPC,Pilgrim's Pride Corporation,6624179200,Consumer Defensive,Packaged Foods,
PPG,"PPG Industries, Inc.",23901696000,Basic Materials,Specialty Chemicals,
PPL,PPL Corporation,24104009728,Utilities,Utilities - Regulated Electric,
PPTA,Perpetua Resources Corp.,2938500352,Basic Materials,Other Precious Metals & Mining,
PR,Permian Resources Corporation,17890220032,Energy,Oil & Gas E&P,
PRAX,"Praxis Precision Medicines, Inc.",7839374336,Healthcare,Biotechnology,
PRCH,"Porch Group, Inc.",1876483072,Financial Services,Insurance - Property & Casualty,
PRDO,Perdoceo Education Corporation,1907974400,Consumer Defensive,Education & Training Services,
PRG,"PROG Holdings, Inc.",1301697792,Industrials,Rental & Leasing Services,
PRGO,Perrigo Company plc,2139821824,Healthcare,Drug Manufacturers - Specialty & Generic,
PRGS,Progress Software Corporation,1613449216,Technology,Software - Infrastructure,
PRI,"Primerica, Inc.",8481929728,Financial Services,Insurance - Life,
PRIM,Primoris Services Corporation,3910918656,Industrials,Engineering & Construction,
PRK,Park National Corporation,3281896448,Financial Services,Banks - Regional,
PRKS,United Parks & Resorts Inc.,1507598464,Consumer Cyclical,Leisure,
PRLB,"Proto Labs, Inc.",2302482432,Industrials,Metal Fabrication,
PRM,"Perimeter Solutions, Inc.",4764926464,Basic Materials,Specialty Chemicals,
PRMB,Primo Brands Corporation,7057902592,Consumer Defensive,Beverages - Non-Alcoholic,
PRSU,"Pursuit Attractions and Hospitality, Inc.",1343577600,Consumer Cyclical,Travel Services,
PRU,"Prudential Financial, Inc.",41210249216,Financial Services,Insurance - Life,
PRVA,"Privia Health Group, Inc.",2517641216,Healthcare,Health Information Services,
PSA,Public Storage,53807853568,Real Estate,REIT - Industrial,
PSEC,Prospect Capital Corporation,1169058944,Financial Services,Asset Management,
PSIX,"Power Solutions International, Inc.",1076003328,Industrials,Specialty Industrial Machinery,
PSKY,Paramount Skydance Corporation,11146963968,Communication Services,Entertainment,
PSMT,"PriceSmart, Inc.",5392259072,Consumer Defensive,Discount Stores,
PSN,Parsons Corporation,4600108032,Technology,Information Technology Services,
PSNL,"Personalis, Inc.",1757119360,Healthcare,Diagnostics & Research,
PSNY,Polestar Automotive Holding UK PLC,1138461312,Consumer Cyclical,Auto Manufacturers,
PSO,Pearson plc,9704744960,Communication Services,Publishing,
PSX,Phillips 66,102049603584,Energy,Oil & Gas Refining & Marketing,
PTC,PTC Inc.,14986885120,Technology,Software - Application,
PTCT,"PTC Therapeutics, Inc.",5230488064,Healthcare,Biotechnology,
PTEN,"Patterson-UTI Energy, Inc.",4141628672,Energy,Oil & Gas Drilling,
PTGX,"Protagonist Therapeutics, Inc.",9179516928,Healthcare,Biotechnology,
PTON,"Peloton Interactive, Inc.",2159249408,Consumer Cyclical,Leisure,
PTRN,Pattern Group Inc.,3388709376,Consumer Cyclical,Internet Retail,
PUK,Prudential plc,31143712768,Financial Services,Insurance - Life,
PUMP,ProPetro Holding Corp.,1177881472,Energy,Oil & Gas Equipment & Services,
PVH,PVH Corp.,3506013696,Consumer Cyclical,Apparel Manufacturing,
PVLA,"Palvella Therapeutics, Inc.",1990665600,Healthcare,Biotechnology,
PWP,Perella Weinberg Partners,1408355584,Financial Services,Capital Markets,
PWR,"Quanta Services, Inc.",97592410112,Industrials,Engineering & Construction,
PYPL,"PayPal Holdings, Inc.",47444480000,Financial Services,Credit Services,
Q,"Qnity Electronics, Inc.",26102505472,Technology,Semiconductor Equipment & Materials,
QBTS,D-Wave Quantum Inc.,6609299456,Technology,Computer Hardware,
QCOM,QUALCOMM Incorporated,215716184064,Technology,Semiconductors,
QCRH,"QCR Holdings, Inc.",1652626944,Financial Services,Banks - Regional,
QGEN,Qiagen N.V.,9122949120,Healthcare,Diagnostics & Research,
QLYS,"Qualys, Inc.",6072468480,Technology,Software - Infrastructure,
QMCO,Quantum Corporation,1248508800,Technology,Computer Hardware,
QRVO,"Qorvo, Inc.",10407078912,Technology,Semiconductors,
QS,QuantumScape Corporation,3020362240,Consumer Cyclical,Auto Parts,
QSR,Restaurant Brands International Inc.,32819070976,Consumer Cyclical,Restaurants,
QTWO,"Q2 Holdings, Inc.",3499969280,Technology,Software - Application,
QUBT,Quantum Computing Inc.,2028067968,Technology,Computer Hardware,
QURE,uniQure N.V.,2651878144,Healthcare,Biotechnology,
QXO,"QXO, Inc.",12896009216,Industrials,Industrial Distribution,
R,"Ryder System, Inc.",9033371648,Industrials,Rental & Leasing Services,
RACE,Ferrari N.V.,72211464192,Consumer Cyclical,Auto Manufacturers,
RAL,Ralliant Corporation,7748119552,Technology,Electronic Components,
RAMP,"LiveRamp Holdings, Inc.",2279811840,Technology,Software - Infrastructure,
RAPP,"Rapport Therapeutics, Inc.",1626943744,Healthcare,Biotechnology,
RARE,Ultragenyx Pharmaceutical Inc.,1429538688,Healthcare,Biotechnology,
RBA,"RB Global, Inc.",15367886848,Industrials,Specialty Business Services,
RBC,RBC Bearings Incorporated,16022744064,Industrials,Tools & Accessories,
RBCAA,"Republic Bancorp, Inc.",1856409088,Financial Services,Banks - Regional,
RBLX,Roblox Corporation,33175617536,Communication Services,Electronic Gaming & Multimedia,
RBRK,"Rubrik, Inc.",22548518912,Technology,Software - Infrastructure,
RCAT,"Red Cat Holdings, Inc.",1017077696,Industrials,Aerospace & Defense,
RCI,Rogers Communications Inc.,17238589440,Communication Services,Telecom Services,
RCL,Royal Caribbean Cruises Ltd.,64910618624,Consumer Cyclical,Travel Services,
RCUS,"Arcus Biosciences, Inc.",3179514368,Healthcare,Biotechnology,
RDDT,"Reddit, Inc.",28828692480,Communication Services,Internet Content & Information,
RDN,Radian Group Inc.,4368589824,Financial Services,Insurance - Specialty,
RDNT,"RadNet, Inc.",5571014656,Healthcare,Diagnostics & Research,
RDVT,"Red Violet, Inc.",1260489984,Technology,Software - Application,
RDW,Redwire Corporation,2904914176,Industrials,Aerospace & Defense,
RDWR,Radware Ltd.,1243958272,Technology,Software - Infrastructure,
RDY,Dr. Reddy's Laboratories Limited,10204110848,Healthcare,Drug Manufacturers - Specialty & Generic,
REAL,"The RealReal, Inc.",1074355968,Consumer Cyclical,Luxury Goods,
REG,Regency Centers Corporation,13690988544,Real Estate,REIT - Retail,
REGN,"Regeneron Pharmaceuticals, Inc.",81132650496,Healthcare,Biotechnology,
RELX,RELX PLC,58276016128,Industrials,Specialty Business Services,
RELY,"Remitly Global, Inc.",4521571328,Technology,Software - Infrastructure,
REPL,"Replimune Group, Inc.",1164554624,Healthcare,Biotechnology,
RES,"RPC, Inc.",1294476928,Energy,Oil & Gas Equipment & Services,
REX,REX American Resources Corporation,1421244416,Basic Materials,Chemicals,
REXR,"Rexford Industrial Realty, Inc.",8566968320,Real Estate,REIT - Industrial,
REYN,Reynolds Consumer Products Inc.,4567329280,Consumer Cyclical,Packaging & Containers,
REZI,"Resideo Technologies, Inc.",2774251520,Industrials,Industrial Distribution,
RF,Regions Financial Corporation,23530295296,Financial Services,Banks - Regional,
RGA,"Reinsurance Group of America, Incorporated",16237258752,Financial Services,Insurance - Reinsurance,
RGC,Regencell Bioscience Holdings Limited,3050996480,Healthcare,Drug Manufacturers - Specialty & Generic,
RGEN,Repligen Corporation,10704707584,Healthcare,Medical Instruments & Supplies,
RGLD,"Royal Gold, Inc.",21392936960,Basic Materials,Gold,
RGTI,"Rigetti Computing, Inc.",5560587264,Technology,Computer Hardware,
RH,RH,2350930432,Consumer Cyclical,Specialty Retail,
RHI,Robert Half Inc.,3773610496,Industrials,Staffing & Employment Services,
RHP,"Ryman Hospitality Properties, Inc.",8378831360,Real Estate,REIT - Hotel & Motel,
RIG,Transocean Ltd.,6008815104,Energy,Oil & Gas Drilling,
RIO,Rio Tinto Group,153788547072,Basic Materials,Other Industrial Metals & Mining,
RIOT,"Riot Platforms, Inc.",8630956032,Financial Services,Capital Markets,
RITM,Rithm Capital Corp.,5098256384,Real Estate,REIT - Mortgage,
RIVN,"Rivian Automotive, Inc.",22398404608,Consumer Cyclical,Auto Manufacturers,
RJF,"Raymond James Financial, Inc.",30752866304,Financial Services,Asset Management,
RKLB,Rocket Lab Corporation,47284441088,Industrials,Aerospace & Defense,
RKT,"Rocket Companies, Inc.",34461089792,Financial Services,Mortgage Finance,
RL,Ralph Lauren Corporation,21276817408,Consumer Cyclical,Apparel Manufacturing,
RLAY,"Relay Therapeutics, Inc.",3828404224,Healthcare,Biotechnology,
RLI,RLI Corp.,5110838272,Financial Services,Insurance - Property & Casualty,
RLJ,RLJ Lodging Trust,1715244160,Real Estate,REIT - Hotel & Motel,
RLX,RLX Technology Inc.,2053387648,Consumer Defensive,Tobacco,
RMBS,Rambus Inc.,11371683840,Technology,Semiconductors,
RMD,ResMed Inc.,32024010752,Healthcare,Medical Instruments & Supplies,
RNG,"RingCentral, Inc.",6359829504,Technology,Software - Application,
RNR,RenaissanceRe Holdings Ltd.,13529295872,Financial Services,Insurance - Reinsurance,
RNST,Renasant Corporation,3688169984,Financial Services,Banks - Regional,
RNW,ReNew Energy Global Plc,2493598208,Utilities,Utilities - Renewable,
ROAD,"Construction Partners, Inc.",5318563328,Industrials,Engineering & Construction,
ROCK,"Gibraltar Industries, Inc.",1203978496,Industrials,Building Products & Equipment,
ROG,Rogers Corporation,2458814208,Technology,Electronic Components,
ROIV,Roivant Sciences Ltd.,25859162112,Healthcare,Biotechnology,
ROK,"Rockwell Automation, Inc.",48211779584,Industrials,Specialty Industrial Machinery,
ROKU,"Roku, Inc.",22660608000,Communication Services,Entertainment,
ROL,"Rollins, Inc.",14448796672,Consumer Cyclical,Personal Services,
ROP,"Roper Technologies, Inc.",35461898240,Technology,Software - Application,
ROST,"Ross Stores, Inc.",75429265408,Consumer Cyclical,Apparel Retail,
RPM,RPM International Inc.,12820463616,Basic Materials,Specialty Chemicals,
RPRX,Royalty Pharma plc,33635801088,Healthcare,Biotechnology,
RRC,Range Resources Corporation,9022366720,Energy,Oil & Gas E&P,
RRR,"Red Rock Resorts, Inc.",5176897024,Consumer Cyclical,Resorts & Casinos,
RRX,Regal Rexnord Corporation,10400317440,Industrials,Specialty Industrial Machinery,
RS,"Reliance, Inc.",19771805696,Basic Materials,Steel,
RSG,"Republic Services, Inc.",64947777536,Industrials,Waste Management,
RSI,"Rush Street Interactive, Inc.",4601380864,Consumer Cyclical,Gambling,
RSKD,Riskified Ltd.,1027253632,Technology,Software - Application,
RTO,Rentokil Initial plc,10387038208,Industrials,Specialty Business Services,
RTX,RTX Corporation,255265374208,Industrials,Aerospace & Defense,
RUM,RUM Group Inc.,4144973056,Communication Services,Internet Content & Information,
RUN,Sunrun Inc.,1953268864,Technology,Solar,
RUSHA,"Rush Enterprises, Inc.",5599558144,Consumer Cyclical,Auto & Truck Dealerships,
RVLV,"Revolve Group, Inc.",1516977536,Consumer Cyclical,Internet Retail,
RVMD,"Revolution Medicines, Inc.",43932536832,Healthcare,Biotechnology,
RVTY,"Revvity, Inc.",16861820928,Healthcare,Diagnostics & Research,
RXO,"RXO, Inc.",3263888128,Industrials,Trucking,
RXRX,"Recursion Pharmaceuticals, Inc.",2005653760,Healthcare,Biotechnology,
RXT,"Rackspace Technology, Inc.",1011845184,Technology,Software - Infrastructure,
RY,Royal Bank of Canada,279627137024,Financial Services,Banks - Diversified,
RYAAY,Ryanair Holdings plc,28652871680,Industrials,Airlines,
RYAN,"Ryan Specialty Holdings, Inc.",9710030848,Financial Services,Insurance Brokers,
RYN,Rayonier Inc.,5649830912,Real Estate,REIT - Specialty,
RYTM,"Rhythm Pharmaceuticals, Inc.",6767442432,Healthcare,Biotechnology,
S,"SentinelOne, Inc.",7789339136,Technology,Software - Infrastructure,
SA,Seabridge Gold Inc.,3268497664,Basic Materials,Gold,
SAFT,"Safety Insurance Group, Inc.",1519576704,Financial Services,Insurance - Property & Casualty,
SAH,"Sonic Automotive, Inc.",2053381248,Consumer Cyclical,Auto & Truck Dealerships,
SAIA,"Saia, Inc.",8625907712,Industrials,Trucking,
SAIC,Science Applications International Corporation,5556045312,Technology,Information Technology Services,
SAIL,"SailPoint, Inc.",11783615488,Technology,Software - Infrastructure,
SAM,"The Boston Beer Company, Inc.",1705409408,Consumer Defensive,Beverages - Brewers,
SAN,"Banco Santander, S.A.",209038163968,Financial Services,Banks - Diversified,
SANM,Sanmina Corporation,12047078400,Technology,Electronic Components,
SAP,SAP SE,243167756288,Technology,Software - Application,
SARO,"StandardAero, Inc.",7525107712,Industrials,Aerospace & Defense,
SBAC,SBA Communications Corporation,17626540032,Real Estate,REIT - Specialty,
SBCF,Seacoast Banking Corporation of Florida,3198063616,Financial Services,Banks - Regional,
SBET,"Sharplink, Inc.",2091863296,Financial Services,Capital Markets,
SBH,"Sally Beauty Holdings, Inc.",1608430976,Consumer Cyclical,Specialty Retail,
SBLK,Star Bulk Carriers Corp.,3428748800,Industrials,Marine Shipping,
SBRA,"Sabra Health Care REIT, Inc.",5070935552,Real Estate,REIT - Healthcare Facilities,
SBS,Companhia de Saneamento Básico do Estado de São Paulo - SABESP,18215952384,Utilities,Utilities - Regulated Water,
SBSW,Sibanye Stillwater Limited,7674958848,Basic Materials,Other Precious Metals & Mining,
SBUX,Starbucks Corporation,108140404736,Consumer Cyclical,Restaurants,
SCCO,Southern Copper Corporation,172178554880,Basic Materials,Copper,
SCHW,The Charles Schwab Corporation,171256102912,Financial Services,Capital Markets,
SCI,Service Corporation International,10608935936,Consumer Cyclical,Personal Services,
SCL,Stepan Company,1466930816,Basic Materials,Specialty Chemicals,
SCSC,"ScanSource, Inc.",1174325888,Technology,Electronics & Computer Distribution,
SDGR,"Schrödinger, Inc.",2158142464,Healthcare,Health Information Services,
SDRL,Seadrill Limited,2850013696,Energy,Oil & Gas Drilling,
SE,Sea Limited,60972838912,Consumer Cyclical,Internet Retail,
SEDG,"SolarEdge Technologies, Inc.",2010661504,Technology,Solar,
SEI,"Solaris Energy Infrastructure, Inc.",7141452800,Energy,Oil & Gas Equipment & Services,
SEIC,SEI Investments Company,12680027136,Financial Services,Asset Management,
SEPN,"Septerna, Inc.",1762988288,Healthcare,Biotechnology,
SEZL,Sezzle Inc.,3750723072,Financial Services,Credit Services,
SF,Stifel Financial Corp.,10622970880,Financial Services,Capital Markets,
SFBS,"ServisFirst Bancshares, Inc.",4517043200,Financial Services,Banks - Regional,
SFD,"Smithfield Foods, Inc.",7497332224,Consumer Defensive,Packaged Foods,
SFL,SFL Corporation Ltd.,1772206208,Industrials,Marine Shipping,
SFM,"Sprouts Farmers Market, Inc.",5827044352,Consumer Defensive,Grocery Stores,
SFNC,Simmons First National Corporation,3357055232,Financial Services,Banks - Regional,
SGHC,Super Group (SGHC) Limited,6081679360,Consumer Cyclical,Gambling,
SGI,Somnigroup International Inc.,13452872704,Consumer Cyclical,"Furnishings, Fixtures & Appliances",
SGML,Sigma Lithium Corporation,1078404480,Basic Materials,Other Industrial Metals & Mining,
SGRY,"Surgery Partners, Inc.",1885222784,Healthcare,Medical Care Facilities,
SHAK,Shake Shack Inc.,2379702784,Consumer Cyclical,Restaurants,
SHC,Sotera Health Company,5233773568,Healthcare,Diagnostics & Research,
SHEL,Shell plc,273189879808,Energy,Oil & Gas Integrated,
SHG,"Shinhan Financial Group Co., Ltd.",38116466688,Financial Services,Banks - Regional,
SHLS,"Shoals Technologies Group, Inc.",1257200640,Technology,Solar,
SHO,"Sunstone Hotel Investors, Inc.",2080712576,Real Estate,REIT - Hotel & Motel,
SHOO,"Steven Madden, Ltd.",3297360128,Consumer Cyclical,Footwear & Accessories,
SHOP,Shopify Inc.,183025106944,Technology,Software - Application,
SHW,The Sherwin-Williams Company,79891709952,Basic Materials,Specialty Chemicals,
SID,Companhia Siderúrgica Nacional,1458703360,Basic Materials,Steel,
SIG,Signet Jewelers Limited,3918321408,Consumer Cyclical,Luxury Goods,
SIGI,"Selective Insurance Group, Inc.",5132752384,Financial Services,Insurance - Property & Casualty,
SII,Sprott Inc.,3199601152,Financial Services,Asset Management,
SIMO,Silicon Motion Technology Corporation,9366472704,Technology,Semiconductors,
SIRI,Sirius XM Holdings Inc.,8714863616,Communication Services,Entertainment,
SITE,"SiteOne Landscape Supply, Inc.",4045784064,Industrials,Industrial Distribution,
SITM,SiTime Corporation,19915145216,Technology,Semiconductors,
SJM,The J. M. Smucker Company,12925604864,Consumer Defensive,Packaged Foods,
SKE,Skeena Resources Limited,3978422272,Basic Materials,Other Industrial Metals & Mining,
SKM,"SK Telecom Co., Ltd.",13935208448,Communication Services,Telecom Services,
SKT,Tanger Inc.,4151580928,Real Estate,REIT - Retail,
SKWD,"Skyward Specialty Insurance Group, Inc.",2432039680,Financial Services,Insurance - Property & Casualty,
SKY,"Champion Homes, Inc.",4761453568,Consumer Cyclical,Residential Construction,
SKYW,"SkyWest, Inc.",4056850176,Industrials,Airlines,
SLAB,Silicon Laboratories Inc.,7382062080,Technology,Semiconductors,
SLB,SLB N.V.,76492742656,Energy,Oil & Gas Equipment & Services,
SLDE,"Slide Insurance Holdings, Inc.",2698350848,Financial Services,Insurance - Property & Casualty,
SLF,Sun Life Financial Inc.,44432007168,Financial Services,Insurance - Diversified,
SLG,SL Green Realty Corp.,3913906688,Real Estate,REIT - Office,
SLGN,Silgan Holdings Inc.,3795041280,Consumer Cyclical,Packaging & Containers,
SLM,SLM Corporation,4448079872,Financial Services,Credit Services,
SLS,"SELLAS Life Sciences Group, Inc.",2344589568,Healthcare,Biotechnology,
SLSR,Solaris Resources Inc.,1194562048,Basic Materials,Other Precious Metals & Mining,
SLVM,Sylvamo Corporation,1429778304,Basic Materials,Paper & Paper Products,
SM,SM Energy Company,8065631232,Energy,Oil & Gas E&P,
SMA,"SmartStop Self Storage REIT, Inc.",1756855296,Real Estate,REIT - Industrial,
SMCI,"Super Micro Computer, Inc.",27983726592,Technology,Computer Hardware,
SMFG,"Sumitomo Mitsui Financial Group, Inc.",168508276736,Financial Services,Banks - Diversified,
SMG,The Scotts Miracle-Gro Company,2962829568,Basic Materials,Agricultural Inputs,
SMMT,Summit Therapeutics Inc.,12452871168,Healthcare,Biotechnology,
SMR,NuScale Power Corporation,3455479808,Industrials,Specialty Industrial Machinery,
SMTC,Semtech Corporation,17013261312,Technology,Semiconductors,
SN,"SharkNinja, Inc.",25038510080,Consumer Cyclical,"Furnishings, Fixtures & Appliances",
SNA,Snap-on Incorporated,19097655296,Industrials,Tools & Accessories,
SNAP,Snap Inc.,9166291968,Communication Services,Internet Content & Information,
SNDA,"Sonida Senior Living, Inc.",1811889792,Healthcare,Medical Care Facilities,
SNDK,Sandisk Corporation,260303716352,Technology,Computer Hardware,
SNDR,"Schneider National, Inc.",5478153216,Industrials,Trucking,
SNDX,"Syndax Pharmaceuticals, Inc.",1612702464,Healthcare,Biotechnology,
SNEX,StoneX Group Inc.,8058403840,Financial Services,Capital Markets,
SNN,Smith & Nephew plc,11262272512,Healthcare,Medical Devices,
SNOW,Snowflake Inc.,118519635968,Technology,Software - Application,
SNPS,"Synopsys, Inc.",81591214080,Technology,Software - Infrastructure,
SNX,TD SYNNEX Corporation,20794888192,Technology,Electronics & Computer Distribution,
SNY,Sanofi,98505211904,Healthcare,Drug Manufacturers - General,
SO,The Southern Company,95342084096,Utilities,Utilities - Regulated Electric,
SOBO,South Bow Corporation,7089910784,Energy,Oil & Gas Midstream,
SOFI,"SoFi Technologies, Inc.",21414236160,Financial Services,Credit Services,
SOLS,"Solstice Advanced Materials, Inc.",8998704128,Basic Materials,Specialty Chemicals,
SOLV,Solventum Corporation,15235023872,Healthcare,Medical Instruments & Supplies,
SON,Sonoco Products Company,4949366784,Consumer Cyclical,Packaging & Containers,
SONO,"Sonos, Inc.",2149992960,Technology,Consumer Electronics,
SONY,Sony Group Corporation,137657581568,Technology,Consumer Electronics,
SOUN,"SoundHound AI, Inc.",2686878720,Technology,Software - Application,
SPB,"Spectrum Brands Holdings, Inc.",1952556160,Consumer Defensive,Household & Personal Products,
SPCX,Space Exploration Technologies Corp.,1958738001920,Industrials,Aerospace & Defense,
SPG,"Simon Property Group, Inc.",77754482688,Real Estate,REIT - Retail,
SPGI,S&P Global Inc.,118892838912,Financial Services,Financial Data & Stock Exchanges,
SPH,"Suburban Propane Partners, L.P.",1108759936,Utilities,Utilities - Regulated Gas,
SPHR,Sphere Entertainment Co.,5068487680,Communication Services,Entertainment,
SPNT,SiriusPoint Ltd.,2948268032,Financial Services,Insurance - Reinsurance,
SPOT,Spotify Technology S.A.,104868290560,Communication Services,Internet Content & Information,
SPSC,"SPS Commerce, Inc.",2926814464,Technology,Software - Application,
SPXC,"SPX Technologies, Inc.",8654334976,Industrials,Building Products & Equipment,
SQM,Sociedad Química y Minera de Chile S.A.,19106314240,Basic Materials,Specialty Chemicals,
SR,Spire Inc.,4564100096,Utilities,Utilities - Regulated Gas,
SRAD,Sportradar Group AG,3918399744,Technology,Software - Application,
SRCE,1st Source Corporation,2072090880,Financial Services,Banks - Regional,
SRE,Sempra,50958454784,Utilities,Utilities - Diversified,
SRPT,"Sarepta Therapeutics, Inc.",1972056576,Healthcare,Biotechnology,
SRRK,Scholar Rock Holding Corporation,5922418176,Healthcare,Biotechnology,
SSB,SouthState Bank Corporation,9936011264,Financial Services,Banks - Regional,
SSD,"Simpson Manufacturing Co., Inc.",7235845632,Basic Materials,Lumber & Wood Production,
SSL,Sasol Limited,8993758208,Basic Materials,Specialty Chemicals,
SSNC,"SS&C Technologies Holdings, Inc.",18446229504,Technology,Software - Application,
SSRM,SSR Mining Inc.,7403281408,Basic Materials,Gold,
ST,Sensata Technologies Holding plc,6140157440,Technology,Scientific & Technical Instruments,
STAA,STAAR Surgical Company,1028453120,Healthcare,Medical Instruments & Supplies,
STAG,"STAG Industrial, Inc.",7240368640,Real Estate,REIT - Industrial,
STBA,"S&T Bancorp, Inc.",1756926848,Financial Services,Banks - Regional,
STC,Stewart Information Services Corporation,1802335488,Financial Services,Insurance - Property & Casualty,
STE,STERIS plc,20370698240,Healthcare,Medical Devices,
STEP,StepStone Group Inc.,5726163456,Financial Services,Asset Management,
STGW,Stagwell Inc.,2034035712,Communication Services,Advertising Agencies,
STLA,Stellantis N.V.,13344329728,Consumer Cyclical,Auto Manufacturers,
STLD,"Steel Dynamics, Inc.",33490042880,Basic Materials,Steel,
STM,STMicroelectronics N.V.,46324523008,Technology,Semiconductors,
STN,Stantec Inc.,7757827072,Industrials,Engineering & Construction,
STNE,StoneCo Ltd.,2144539392,Technology,Software - Infrastructure,
STNG,Scorpio Tankers Inc.,4081129216,Energy,Oil & Gas Midstream,
STOK,"Stoke Therapeutics, Inc.",1600250752,Healthcare,Biotechnology,
STRA,"Strategic Education, Inc.",1706206848,Consumer Defensive,Education & Training Services,
STRL,"Sterling Infrastructure, Inc.",15670191104,Industrials,Engineering & Construction,
STT,State Street Corporation,49814417408,Financial Services,Asset Management,
STUB,"StubHub Holdings, Inc.",2078569344,Communication Services,Internet Content & Information,
STVN,Stevanato Group S.p.A.,5768567296,Healthcare,Medical Instruments & Supplies,
STWD,"Starwood Property Trust, Inc.",5453481984,Real Estate,REIT - Mortgage,
STX,Seagate Technology Holdings plc,208480731136,Technology,Computer Hardware,
STZ,"Constellation Brands, Inc.",19408498688,Consumer Defensive,Beverages - Brewers,
SU,Suncor Energy Inc.,79757041664,Energy,Oil & Gas Integrated,
SUI,"Sun Communities, Inc.",14353654784,Real Estate,REIT - Residential,
SUN,Sunoco LP,14085820416,Energy,Oil & Gas Refining & Marketing,
SUNC,SunocoCorp LLC,3931792640,Energy,Oil & Gas Midstream,
SUPN,"Supernus Pharmaceuticals, Inc.",2483842048,Healthcare,Drug Manufacturers - Specialty & Generic,
SUZ,Suzano S.A.,10702262272,Basic Materials,Paper & Paper Products,
SVM,Silvercorp Metals Inc.,2508479488,Basic Materials,Silver,
SVRA,Savara Inc.,1024636096,Healthcare,Biotechnology,
SVV,"Savers Value Village, Inc.",1431210752,Consumer Cyclical,Specialty Retail,
SW,Smurfit Westrock Plc,24343107584,Consumer Cyclical,Packaging & Containers,
SWK,"Stanley Black & Decker, Inc.",13802920960,Industrials,Tools & Accessories,
SWKS,"Skyworks Solutions, Inc.",13437268992,Technology,Semiconductors,
SWX,"Southwest Gas Holdings, Inc.",5972436480,Utilities,Utilities - Regulated Gas,
SXI,Standex International Corporation,3440898304,Industrials,Specialty Industrial Machinery,
SXT,Sensient Technologies Corporation,5500761088,Basic Materials,Specialty Chemicals,
SYBT,"Stock Yards Bancorp, Inc.",2440906240,Financial Services,Banks - Regional,
SYF,Synchrony Financial,23732549632,Financial Services,Credit Services,
SYK,Stryker Corporation,104469954560,Healthcare,Medical Devices,
SYM,Symbotic Inc.,26315208704,Industrials,Specialty Industrial Machinery,
SYNA,Synaptics Incorporated,4077204736,Technology,Semiconductors,
SYRE,"Spyre Therapeutics, Inc.",7441427456,Healthcare,Biotechnology,
SYY,Sysco Corporation,37626929152,Consumer Defensive,Food Distribution,
T,AT&T Inc.,173913538560,Communication Services,Telecom Services,
TAC,TransAlta Corporation,3646938880,Utilities,Utilities - Independent Power Producers,
TAK,Takeda Pharmaceutical Company Limited,60229468160,Healthcare,Drug Manufacturers - Specialty & Generic,
TAL,TAL Education Group,6656414720,Consumer Defensive,Education & Training Services,
TALO,Talos Energy Inc.,2749921280,Energy,Oil & Gas E&P,
TAP,Molson Coors Beverage Company,6703019008,Consumer Defensive,Beverages - Brewers,
TARS,"Tarsus Pharmaceuticals, Inc.",3541662976,Healthcare,Biotechnology,
TBBB,BBB Foods Inc.,6457342464,Consumer Defensive,Discount Stores,
TBBK,"The Bancorp, Inc.",2062996864,Financial Services,Banks - Regional,
TCBI,"Texas Capital Bancshares, Inc.",4165713920,Financial Services,Banks - Regional,
TCBK,TriCo Bancshares,1674412160,Financial Services,Banks - Regional,
TCOM,Trip.com Group Limited,24829276160,Consumer Cyclical,Travel Services,
TD,The Toronto-Dominion Bank,197686345728,Financial Services,Banks - Diversified,
TDC,Teradata Corporation,2691420160,Technology,Software - Infrastructure,
TDG,TransDigm Group Incorporated,62433062912,Industrials,Aerospace & Defense,
TDOC,"Teladoc Health, Inc.",1106455680,Healthcare,Health Information Services,
TDS,"Telephone and Data Systems, Inc.",4126908416,Communication Services,Telecom Services,
TDW,Tidewater Inc.,4216343040,Energy,Oil & Gas Equipment & Services,
TDY,Teledyne Technologies Incorporated,28453040128,Technology,Scientific & Technical Instruments,
TE,T1 Energy Inc.,1113121152,Industrials,Electrical Equipment & Parts,
TEAM,Atlassian Corporation,47524282368,Technology,Software - Application,
TECH,Bio-Techne Corporation,11386572800,Healthcare,Biotechnology,
TECK,Teck Resources Limited,32404131840,Basic Materials,Copper,
TEL,TE Connectivity plc,63378128896,Technology,Electronic Components,
TEM,"Tempus AI, Inc.",15338758144,Healthcare,Health Information Services,
TEN,Tsakos Energy Navigation Limited,1392799104,Energy,Oil & Gas Midstream,
TENB,"Tenable Holdings, Inc.",3693008640,Technology,Software - Infrastructure,
TEO,Telecom Argentina S.A.,5608203776,Communication Services,Telecom Services,
TER,"Teradyne, Inc.",62283030528,Technology,Semiconductor Equipment & Materials,
TEVA,Teva Pharmaceutical Industries Limited,45707005952,Healthcare,Drug Manufacturers - Specialty & Generic,
TEX,Terex Corporation,6552819200,Industrials,Farm & Heavy Construction Machinery,
TFC,Truist Financial Corporation,58222706688,Financial Services,Banks - Regional,
TFII,TFI International Inc.,9953575936,Industrials,Trucking,
TFIN,"Triumph Financial, Inc.",1468319232,Financial Services,Banks - Regional,
TFPM,Triple Flag Precious Metals Corp.,6631237120,Basic Materials,Other Precious Metals & Mining,
TFSL,TFS Financial Corporation,4689002496,Financial Services,Banks - Regional,
TFX,Teleflex Incorporated,5172398592,Healthcare,Medical Instruments & Supplies,
TGB,Trekor Metals Limited,3151460608,Basic Materials,Copper,
TGLS,Tecnoglass Holdings Inc.,1572281984,Basic Materials,Building Materials,
TGS,Transportadora de Gas del Sur S.A.,4007699968,Energy,Oil & Gas Integrated,
TGT,Target Corporation,71528185856,Consumer Defensive,Discount Stores,
TGTX,"TG Therapeutics, Inc.",8790756352,Healthcare,Biotechnology,
TH,Target Hospitality Corp.,2015395712,Industrials,Specialty Business Services,
THC,Tenet Healthcare Corporation,20911589376,Healthcare,Medical Care Facilities,
THG,"The Hanover Insurance Group, Inc.",7571308544,Financial Services,Insurance - Property & Casualty,
THO,"THOR Industries, Inc.",3723976192,Consumer Cyclical,Recreational Vehicles,
THRM,Gentherm Incorporated,1082320896,Consumer Cyclical,Auto Parts,
TIC,"TIC Solutions, Inc.",1939979008,Industrials,Specialty Business Services,
TIGO,Millicom International Cellular S.A.,15534977024,Communication Services,Telecom Services,
TILE,"Interface, Inc.",2034576256,Consumer Cyclical,"Furnishings, Fixtures & Appliances",
TIMB,TIM S.A.,8626963456,Communication Services,Telecom Services,
TJX,"The TJX Companies, Inc.",143677849600,Consumer Cyclical,Apparel Retail,
TK,Teekay Corporation Ltd.,1201371776,Energy,Oil & Gas Midstream,
TKC,Turkcell Iletisim Hizmetleri A.S.,4500883456,Communication Services,Telecom Services,
TKO,"TKO Group Holdings, Inc.",34573897728,Communication Services,Entertainment,
TKR,The Timken Company,8162130432,Industrials,Tools & Accessories,
TLN,Talen Energy Corporation,14586059776,Utilities,Utilities - Independent Power Producers,
TM,Toyota Motor Corporation,225397473280,Consumer Cyclical,Auto Manufacturers,
TMC,TMC the metals company Inc.,2223739136,Basic Materials,Other Industrial Metals & Mining,
TMDX,"TransMedics Group, Inc.",2947700224,Healthcare,Medical Devices,
TME,Tencent Music Entertainment Group,13673730048,Communication Services,Internet Content & Information,
TMO,Thermo Fisher Scientific Inc.,249579421696,Healthcare,Diagnostics & Research,
TMP,Tompkins Financial Corporation,1432105856,Financial Services,Banks - Regional,
TMUS,"T-Mobile US, Inc.",177452056576,Communication Services,Telecom Services,
TNC,Tennant Company,1154919808,Industrials,Specialty Industrial Machinery,
TNDM,"Tandem Diabetes Care, Inc.",1093777280,Healthcare,Medical Devices,
TNET,"TriNet Group, Inc.",2988857344,Industrials,Staffing & Employment Services,
TNGX,"Tango Therapeutics, Inc.",4201770496,Healthcare,Biotechnology,
TNK,Teekay Tankers Ltd.,3258947584,Energy,Oil & Gas Midstream,
TNL,Travel + Leisure Co.,3901217536,Consumer Cyclical,Travel Services,
TOL,"Toll Brothers, Inc.",12655468544,Consumer Cyclical,Residential Construction,
TOST,"Toast, Inc.",17686800384,Technology,Software - Infrastructure,
TOWN,TowneBank,3361019392,Financial Services,Banks - Regional,
TPB,"Turning Point Brands, Inc.",1202142848,Consumer Defensive,Tobacco,
TPC,Tutor Perini Corporation,4414228480,Industrials,Engineering & Construction,
TPG,TPG Inc.,17337284608,Financial Services,Asset Management,
TPL,Texas Pacific Land Corporation,23525193728,Energy,Oil & Gas E&P,
TPR,"Tapestry, Inc.",22706724864,Consumer Cyclical,Luxury Goods,
TR,"Tootsie Roll Industries, Inc.",2859202816,Consumer Defensive,Confectioners,
TREX,"Trex Company, Inc.",4653624320,Industrials,Building Products & Equipment,
TRGP,Targa Resources Corp.,59577516032,Energy,Oil & Gas Midstream,
TRI,Thomson Reuters Corporation,42887553024,Industrials,Specialty Business Services,
TRIN,Trinity Capital Inc.,1672288512,Financial Services,Asset Management,
TRMB,Trimble Inc.,13489453056,Technology,Scientific & Technical Instruments,
TRMD,TORM plc,3522974720,Energy,Oil & Gas Midstream,
TRMK,Trustmark Corporation,2673569280,Financial Services,Banks - Regional,
TRN,"Trinity Industries, Inc.",2223575296,Industrials,Railroads,
TRNO,Terreno Realty Corporation,7199668736,Real Estate,REIT - Industrial,
TROW,"T. Rowe Price Group, Inc.",22506956800,Financial Services,Asset Management,
TRP,TC Energy Corporation,61235056640,Energy,Oil & Gas Midstream,
TRS,TriMas Corporation,1404462080,Consumer Cyclical,Packaging & Containers,
TRU,TransUnion,13252971520,Financial Services,Financial Data & Stock Exchanges,
TRUP,"Trupanion, Inc.",1016089664,Financial Services,Insurance - Property & Casualty,
TRV,"The Travelers Companies, Inc.",75721080832,Financial Services,Insurance - Property & Casualty,
TRVI,"Trevi Therapeutics, Inc.",2053076864,Healthcare,Biotechnology,
TS,Tenaris S.A.,28002359296,Energy,Oil & Gas Equipment & Services,
TSAT,Telesat Corporation,2476902912,Technology,Communication Equipment,
TSCO,Tractor Supply Company,16813965312,Consumer Cyclical,Specialty Retail,
TSEM,Tower Semiconductor Ltd.,26050310144,Technology,Semiconductors,
TSHA,"Taysha Gene Therapies, Inc.",1521642624,Healthcare,Biotechnology,
TSLA,"Tesla, Inc.",1469666033664,Consumer Cyclical,Auto Manufacturers,
TSLX,"Sixth Street Specialty Lending, Inc.",1729524480,Financial Services,Asset Management,
TSM,Taiwan Semiconductor Manufacturing Company Limited,2337076936704,Technology,Semiconductors,
TSN,"Tyson Foods, Inc.",17913731072,Consumer Defensive,Farm Products,
TT,Trane Technologies plc,99987333120,Industrials,Building Products & Equipment,
TTAM,Titan America SA,2553570816,Basic Materials,Building Materials,
TTAN,"ServiceTitan, Inc.",5599961600,Technology,Software - Application,
TTC,The Toro Company,9196547072,Industrials,Tools & Accessories,
TTD,"The Trade Desk, Inc.",5957218304,Communication Services,Advertising Agencies,
TTE,TotalEnergies SE,200820064256,Energy,Oil & Gas Integrated,
TTEK,"Tetra Tech, Inc.",8682466304,Industrials,Engineering & Construction,
TTMI,"TTM Technologies, Inc.",13607912448,Technology,Electronic Components,
TTWO,"Take-Two Interactive Software, Inc.",37665341440,Communication Services,Electronic Gaming & Multimedia,
TU,TELUS Corporation,13356000256,Communication Services,Telecom Services,
TUYA,Tuya Inc.,1036157056,Technology,Software - Infrastructure,
TV,"Grupo Televisa, S.A.B.",1249132160,Communication Services,Telecom Services,
TVTX,"Travere Therapeutics, Inc.",5527498240,Healthcare,Biotechnology,
TW,Tradeweb Markets Inc.,22062053376,Financial Services,Capital Markets,
TWLO,Twilio Inc.,42356043776,Technology,Software - Infrastructure,
TWST,Twist Bioscience Corporation,12121843712,Healthcare,Biotechnology,
TX,Ternium S.A.,10867593216,Basic Materials,Steel,
TXG,"10x Genomics, Inc.",11167255552,Healthcare,Medical Devices,
TXN,Texas Instruments Incorporated,253946789888,Technology,Semiconductors,
TXNM,"TXNM Energy, Inc.",6444559360,Utilities,Utilities - Regulated Electric,
TXRH,"Texas Roadhouse, Inc.",10486137856,Consumer Cyclical,Restaurants,
TXT,Textron Inc.,13318156288,Industrials,Aerospace & Defense,
TYL,"Tyler Technologies, Inc.",13332831232,Technology,Software - Application,
TYRA,"Tyra Biosciences, Inc.",1496129152,Healthcare,Biotechnology,
U,Unity Software Inc.,18285694976,Technology,Software - Application,
UA,"Under Armour, Inc.",1877113984,Consumer Cyclical,Apparel Manufacturing,
UAA,"Under Armour, Inc.",1902886656,Consumer Cyclical,Apparel Manufacturing,
UAL,"United Airlines Holdings, Inc.",36997701632,Industrials,Airlines,
UAN,"CVR Partners, LP",1296894592,Basic Materials,Agricultural Inputs,
UBER,"Uber Technologies, Inc.",142203043840,Technology,Software - Application,
UBS,UBS Group AG,152076730368,Financial Services,Banks - Diversified,
UBSI,"United Bankshares, Inc.",6382921216,Financial Services,Banks - Regional,
UCB,"United Community Banks, Inc.",4127299328,Financial Services,Banks - Regional,
UCTT,"Ultra Clean Holdings, Inc.",3482714880,Technology,Semiconductor Equipment & Materials,
UDR,"UDR, Inc.",12538249216,Real Estate,REIT - Residential,
UE,Urban Edge Properties,2739973888,Real Estate,REIT - Retail,
UEC,Uranium Energy Corp.,4656748544,Energy,Uranium,
UFCS,"United Fire Group, Inc.",1368243328,Financial Services,Insurance - Property & Casualty,
UFPI,"UFP Industries, Inc.",4384786944,Basic Materials,Lumber & Wood Production,
UFPT,"UFP Technologies, Inc.",2290042880,Healthcare,Medical Devices,
UGI,UGI Corporation,7831210496,Utilities,Utilities - Regulated Gas,
UGP,Ultrapar Participações S.A.,7565902336,Energy,Oil & Gas Refining & Marketing,
UHAL,U-Haul Holding Company,11852171264,Industrials,Rental & Leasing Services,
UHS,"Universal Health Services, Inc.",10541385728,Healthcare,Medical Care Facilities,
UL,Unilever PLC,134665158656,Consumer Defensive,Household & Personal Products,
ULCC,"Frontier Group Holdings, Inc.",1425035648,Industrials,Airlines,
ULS,UL Solutions Inc.,13313245184,Industrials,Specialty Business Services,
ULTA,"Ulta Beauty, Inc.",23311374336,Consumer Cyclical,Specialty Retail,
UMAC,"Unusual Machines, Inc.",1201453824,Technology,Computer Hardware,
UMBF,UMB Financial Corporation,10315534336,Financial Services,Banks - Regional,
UMC,United Microelectronics Corporation,60967256064,Technology,Semiconductors,
UMH,"UMH Properties, Inc.",1314938240,Real Estate,REIT - Residential,
UNF,UniFirst Corporation,4685428224,Industrials,Specialty Business Services,
UNFI,"United Natural Foods, Inc.",2765538304,Consumer Defensive,Food Distribution,
UNH,UnitedHealth Group Incorporated,338025218048,Healthcare,Healthcare Plans,
UNIT,Uniti Group Inc.,2162680832,Real Estate,REIT - Specialty,
UNM,Unum Group,14578472960,Financial Services,Insurance - Life,
UNP,Union Pacific Corporation,162651947008,Industrials,Railroads,
UPS,"United Parcel Service, Inc.",79939436544,Industrials,Integrated Freight & Logistics,
UPST,"Upstart Holdings, Inc.",2278892288,Financial Services,Credit Services,
UPWK,Upwork Inc.,1017962432,Communication Services,Internet Content & Information,
URBN,"Urban Outfitters, Inc.",6454494720,Consumer Cyclical,Apparel Retail,
URGN,UroGen Pharma Ltd.,2021211264,Healthcare,Biotechnology,
URI,"United Rentals, Inc.",65171623936,Industrials,Rental & Leasing Services,
UROY,Uranium Royalty Corp.,1577618688,Energy,Uranium,
USAC,"USA Compression Partners, LP",3701853184,Energy,Oil & Gas Equipment & Services,
USAR,"USA Rare Earth, Inc.",5698461696,Basic Materials,Other Industrial Metals & Mining,
USAS,Americas Gold and Silver Corporation,1633301120,Basic Materials,Other Industrial Metals & Mining,
USB,U.S. Bancorp,92439199744,Financial Services,Banks - Regional,
USFD,US Foods Holding Corp.,20190146560,Consumer Defensive,Food Distribution,
USLM,"United States Lime & Minerals, Inc.",3195883776,Basic Materials,Building Materials,
USPH,"U.S. Physical Therapy, Inc.",1266041600,Healthcare,Medical Care Facilities,
UTHR,United Therapeutics Corporation,20392380416,Healthcare,Drug Manufacturers - Specialty & Generic,
UTI,"Universal Technical Institute, Inc.",1118433152,Consumer Defensive,Education & Training Services,
UTZ,"Utz Brands, Inc.",1261852160,Consumer Defensive,Packaged Foods,
UUUU,Energy Fuels Inc.,3005180160,Energy,Uranium,
UVE,"Universal Insurance Holdings, Inc.",1172771200,Financial Services,Insurance - Property & Casualty,
UVSP,Univest Financial Corporation,1162805120,Financial Services,Banks - Regional,
UVV,Universal Corporation,1057471424,Consumer Defensive,Tobacco,
UWMC,UWM Holdings Corporation,1959949184,Financial Services,Mortgage Finance,
V,Visa Inc.,689702764544,Financial Services,Credit Services,
VAC,Marriott Vacations Worldwide Corporation,3536526848,Consumer Cyclical,Resorts & Casinos,
VAL,Valaris Limited,5623605760,Energy,Oil & Gas Drilling,
VALE,Vale S.A.,57920929792,Basic Materials,Other Industrial Metals & Mining,
VC,Visteon Corporation,2414740992,Consumer Cyclical,Auto Parts,
VCEL,Vericel Corporation,2033414656,Healthcare,Biotechnology,
VCTR,"Victory Capital Holdings, Inc.",6689165824,Financial Services,Asset Management,
VCYT,"Veracyte, Inc.",3652150784,Healthcare,Diagnostics & Research,
VECO,Veeco Instruments Inc.,3036308992,Technology,Semiconductor Equipment & Materials,
VEEV,Veeva Systems Inc.,45444575232,Healthcare,Health Information Services,
VEON,VEON Ltd.,5062674432,Communication Services,Telecom Services,
VERA,"Vera Therapeutics, Inc.",2344941056,Healthcare,Biotechnology,
VERX,"Vertex, Inc.",1839858432,Technology,Software - Application,
VET,Vermilion Energy Inc.,1772480000,Energy,Oil & Gas E&P,
VFC,V.F. Corporation,5562853888,Consumer Cyclical,Apparel Manufacturing,
VFS,VinFast Auto Ltd.,7439725056,Consumer Cyclical,Auto Manufacturers,
VG,"Venture Global, Inc.",31551172608,Energy,Oil & Gas Midstream,
VIA,"Via Transportation, Inc.",2397080064,Technology,Software - Application,
VIAV,Viavi Solutions Inc.,10037782528,Technology,Communication Equipment,
VICI,VICI Properties Inc.,25886332928,Real Estate,REIT - Diversified,
VICR,Vicor Corporation,13000253440,Technology,Electronic Components,
VIK,Viking Holdings Ltd,35865042944,Consumer Cyclical,Travel Services,
VIPS,Vipshop Holdings Limited,5886690304,Consumer Cyclical,Internet Retail,
VIR,"Vir Biotechnology, Inc.",1803842048,Healthcare,Biotechnology,
VIRT,"Virtu Financial, Inc.",4715256320,Financial Services,Capital Markets,
VIST,"Vista Energy, S.A.B. de C.V.",7458931712,Energy,Oil & Gas E&P,
VIV,Telefônica Brasil S.A.,18534516736,Communication Services,Telecom Services,
VKTX,"Viking Therapeutics, Inc.",4427578368,Healthcare,Biotechnology,
VLO,Valero Energy Corporation,111479750656,Energy,Oil & Gas Refining & Marketing,
VLTO,Veralto Corporation,23682084864,Industrials,Pollution & Treatment Controls,
VLY,Valley National Bancorp,7228076544,Financial Services,Banks - Regional,
VMC,Vulcan Materials Company,31746789376,Basic Materials,Building Materials,
VMI,"Valmont Industries, Inc.",9062875136,Industrials,Conglomerates,
VNET,"VNET Group, Inc.",1890352512,Technology,Information Technology Services,
VNO,Vornado Realty Trust,7112426496,Real Estate,REIT - Office,
VNOM,"Viper Energy, Inc.",14701846528,Energy,Oil & Gas Midstream,
VNT,Vontier Corporation,4256096000,Technology,Scientific & Technical Instruments,
VOD,Vodafone Group Public Limited Company,38409375744,Communication Services,Telecom Services,
VOR,Vor Biopharma Inc.,1003522432,Healthcare,Biotechnology,
VOYA,"Voya Financial, Inc.",8812306432,Financial Services,Financial Conglomerates,
VOYG,"Voyager Technologies, Inc.",1913261056,Industrials,Aerospace & Defense,
VRDN,"Viridian Therapeutics, Inc.",2319092736,Healthcare,Biotechnology,
VRNS,"Varonis Systems, Inc.",5312297472,Technology,Software - Infrastructure,
VRSK,"Verisk Analytics, Inc.",22170206208,Industrials,Consulting Services,
VRSN,"VeriSign, Inc.",25967400960,Technology,Software - Infrastructure,
VRT,Vertiv Holdings Co,97509801984,Industrials,Electrical Equipment & Parts,
VRTX,Vertex Pharmaceuticals Incorporated,133283930112,Healthcare,Biotechnology,
VSAT,"Viasat, Inc.",10058928128,Technology,Communication Equipment,
VSEC,VSE Corporation,5073305088,Industrials,Aerospace & Defense,
VSH,"Vishay Intertechnology, Inc.",4992492032,Technology,Semiconductors,
VST,Vistra Corp.,46472052736,Utilities,Utilities - Independent Power Producers,
VSTS,Vestis Corporation,1803985408,Industrials,Rental & Leasing Services,
VTOL,Bristow Group Inc.,1263341952,Energy,Oil & Gas Equipment & Services,
VTR,"Ventas, Inc.",44416024576,Real Estate,REIT - Healthcare Facilities,
VTRS,Viatris Inc.,20479375360,Healthcare,Drug Manufacturers - Specialty & Generic,
VVV,Valvoline Inc.,3690192128,Consumer Cyclical,Auto & Truck Dealerships,
VVX,"V2X, Inc.",2371276288,Industrials,Aerospace & Defense,
VZ,Verizon Communications Inc.,195606822912,Communication Services,Telecom Services,
VZLA,Vizsla Silver Corp.,1402474624,Basic Materials,Other Industrial Metals & Mining,
W,Wayfair Inc.,12955456512,Consumer Cyclical,Internet Retail,
WAB,Westinghouse Air Brake Technologies Corporation,48646324224,Industrials,Railroads,
WABC,Westamerica Bancorporation,1402153600,Financial Services,Banks - Regional,
WAFD,"WaFd, Inc.",2320261120,Financial Services,Banks - Regional,
WAL,Western Alliance Bancorporation,8467318272,Financial Services,Banks - Regional,
WAT,Waters Corporation,42567495680,Healthcare,Diagnostics & Research,
WAY,Waystar Holding Corp.,4736185856,Healthcare,Health Information Services,
WB,Weibo Corporation,1594414976,Communication Services,Internet Content & Information,
WBD,"Warner Bros. Discovery, Inc.",77370245120,Communication Services,Entertainment,
WBI,WaterBridge Infrastructure LLC,3678994944,Energy,Oil & Gas Equipment & Services,
WBTN,WEBTOON Entertainment Inc.,1498250240,Communication Services,Internet Content & Information,
WCC,"WESCO International, Inc.",17906401280,Industrials,Industrial Distribution,
WCN,"Waste Connections, Inc.",39134109696,Industrials,Waste Management,
WD,"Walker & Dunlop, Inc.",1303691776,Financial Services,Mortgage Finance,
WDAY,"Workday, Inc.",45657448448,Technology,Software - Application,
WDC,Western Digital Corporation,164698701824,Technology,Computer Hardware,
WDFC,WD-40 Company,2673079552,Basic Materials,Specialty Chemicals,
WDS,Woodside Energy Group Ltd,41900249088,Energy,Oil & Gas E&P,
WEC,"WEC Energy Group, Inc.",33057417216,Utilities,Utilities - Regulated Electric,
WELL,Welltower Inc.,166718750720,Real Estate,REIT - Healthcare Facilities,
WEN,The Wendy's Company,1248888064,Consumer Cyclical,Restaurants,
WERN,"Werner Enterprises, Inc.",1971759232,Industrials,Trucking,
WES,"Western Midstream Partners, LP",18840760320,Energy,Oil & Gas Midstream,
WEX,WEX Inc.,6076069888,Technology,Software - Infrastructure,
WFC,Wells Fargo & Company,250901217280,Financial Services,Banks - Diversified,
WFG,West Fraser Timber Co. Ltd.,5612817920,Basic Materials,Lumber & Wood Production,
WFRD,Weatherford International plc,6084250112,Energy,Oil & Gas Equipment & Services,
WGS,GeneDx Holdings Corp.,2636312576,Healthcare,Diagnostics & Research,
WH,"Wyndham Hotels & Resorts, Inc.",5194036224,Consumer Cyclical,Lodging,
WHD,"Cactus, Inc.",4483843072,Energy,Oil & Gas Equipment & Services,
WHR,Whirlpool Corporation,2067472128,Consumer Cyclical,"Furnishings, Fixtures & Appliances",
WING,Wingstop Inc.,2698918912,Consumer Cyclical,Restaurants,
WIT,Wipro Limited,16324011008,Technology,Information Technology Services,
WIX,Wix.com Ltd.,3088075520,Technology,Software - Infrastructure,
WK,Workiva Inc.,3908150528,Technology,Software - Application,
WKC,World Kinect Corporation,1823555328,Energy,Oil & Gas Refining & Marketing,
WLDN,"Willdan Group, Inc.",1201811968,Industrials,Engineering & Construction,
WLFC,Willis Lease Finance Corporation,1298478848,Industrials,Rental & Leasing Services,
WLK,Westlake Corporation,8653104128,Basic Materials,Specialty Chemicals,
WLY,"John Wiley & Sons, Inc.",2410020864,Communication Services,Publishing,
WM,"Waste Management, Inc.",82673098752,Industrials,Waste Management,
WMB,"The Williams Companies, Inc.",84716584960,Energy,Oil & Gas Midstream,
WMG,Warner Music Group Corp.,14197198848,Communication Services,Entertainment,
WMK,"Weis Markets, Inc.",1782105728,Consumer Defensive,Grocery Stores,
WMS,"Advanced Drainage Systems, Inc.",10038713344,Industrials,Building Products & Equipment,
WMT,Walmart Inc.,856685936640,Consumer Defensive,Discount Stores,
WOLF,"Wolfspeed, Inc.",1459295744,Technology,Semiconductors,
WOR,"Worthington Enterprises, Inc.",3045203200,Industrials,Metal Fabrication,
WPC,W. P. Carey Inc.,15056416768,Real Estate,REIT - Diversified,
WPM,Wheaton Precious Metals Corp.,64908541952,Basic Materials,Gold,
WPP,WPP plc,5606170624,Communication Services,Advertising Agencies,
WRB,W. R. Berkley Corporation,24805423104,Financial Services,Insurance - Property & Casualty,
WRBY,Warby Parker Inc.,3301571072,Healthcare,Medical Instruments & Supplies,
WRD,WeRide Inc.,1819127424,Technology,Software - Application,
WS,"Worthington Steel, Inc.",1847324416,Basic Materials,Steel,
WSBC,"WesBanco, Inc.",3707721728,Financial Services,Banks - Regional,
WSC,WillScot Holdings Corporation,3292239872,Industrials,Rental & Leasing Services,
WSFS,WSFS Financial Corporation,3972805376,Financial Services,Banks - Regional,
WSM,"Williams-Sonoma, Inc.",27310399488,Consumer Cyclical,Specialty Retail,
WSO,"Watsco, Inc.",13086433280,Industrials,Industrial Distribution,
WST,"West Pharmaceutical Services, Inc.",26069997568,Healthcare,Medical Instruments & Supplies,
WT,"WisdomTree, Inc.",3686289664,Financial Services,Asset Management,
WTFC,Wintrust Financial Corporation,9857453056,Financial Services,Banks - Regional,
WTRG,"Essential Utilities, Inc.",11217767424,Utilities,Utilities - Regulated Water,
WTS,"Watts Water Technologies, Inc.",11944121344,Industrials,Specialty Industrial Machinery,
WTTR,"Select Water Solutions, Inc.",2831837696,Energy,Oil & Gas Equipment & Services,
WTW,Willis Towers Watson Public Limited Company,27303419904,Financial Services,Insurance Brokers,
WU,The Western Union Company,1927411968,Financial Services,Credit Services,
WULF,TeraWulf Inc.,7853766656,Financial Services,Capital Markets,
WWD,"Woodward, Inc.",19503425536,Industrials,Aerospace & Defense,
WWW,"Wolverine World Wide, Inc.",1565005056,Consumer Cyclical,Footwear & Accessories,
WY,Weyerhaeuser Company,14421927936,Real Estate,REIT - Specialty,
WYNN,"Wynn Resorts, Limited",8353242112,Consumer Cyclical,Resorts & Casinos,
XEL,Xcel Energy Inc.,43599474688,Utilities,Utilities - Regulated Electric,
XENE,Xenon Pharmaceuticals Inc.,3577285376,Healthcare,Biotechnology,
XERS,"Xeris Biopharma Holdings, Inc.",1659114880,Healthcare,Drug Manufacturers - Specialty & Generic,
XHR,"Xenia Hotels & Resorts, Inc.",1797526912,Real Estate,REIT - Hotel & Motel,
XMTR,"Xometry, Inc.",5556075520,Industrials,Industrial Distribution,
XNCR,"Xencor, Inc.",1769610880,Healthcare,Biotechnology,
XOM,ExxonMobil Holdings Corporation,660331954176,Energy,Oil & Gas Integrated,
XP,XP Inc.,10407655424,Financial Services,Capital Markets,
XPEL,"XPEL, Inc.",1198776064,Consumer Cyclical,Auto Parts,
XPEV,XPeng Inc.,9694724096,Consumer Cyclical,Auto Manufacturers,
XPO,"XPO, Inc.",20275863552,Industrials,Trucking,
XPRO,Expro Ltd,1851757824,Energy,Oil & Gas Equipment & Services,
XRAY,DENTSPLY SIRONA Inc.,1873926272,Healthcare,Medical Instruments & Supplies,
XYL,Xylem Inc.,23962750976,Industrials,Specialty Industrial Machinery,
XYZ,"Block, Inc.",45912752128,Technology,Software - Infrastructure,
YETI,"YETI Holdings, Inc.",3085966336,Consumer Cyclical,Leisure,
YMM,Full Truck Alliance Co. Ltd.,8503119872,Technology,Software - Application,
YOU,"Clear Secure, Inc.",5377207808,Technology,Software - Application,
YPF,YPF Sociedad Anónima,20427110400,Energy,Oil & Gas Integrated,
YUM,"Yum! Brands, Inc.",37832278016,Consumer Cyclical,Restaurants,
YUMC,"Yum China Holdings, Inc.",13702725632,Consumer Cyclical,Restaurants,
Z,"Zillow Group, Inc.",6393195008,Communication Services,Internet Content & Information,
ZBH,"Zimmer Biomet Holdings, Inc.",17364760576,Healthcare,Medical Devices,
ZBIO,"Zenas BioPharma, Inc.",1756512768,Healthcare,Biotechnology,
ZBRA,Zebra Technologies Corporation,17626261504,Technology,Communication Equipment,
ZD,"Ziff Davis, Inc.",1937570048,Communication Services,Advertising Agencies,
ZETA,Zeta Global Holdings Corp.,7392350720,Technology,Software - Infrastructure,
ZG,"Zillow Group, Inc.",6588836352,Communication Services,Internet Content & Information,
ZGN,Ermenegildo Zegna N.V.,3422961664,Consumer Cyclical,Apparel Manufacturing,
ZIM,ZIM Integrated Shipping Services Ltd.,3517969152,Industrials,Marine Shipping,
ZION,"Zions Bancorporation, National Association",9316203520,Financial Services,Banks - Regional,
ZLAB,Zai Lab Limited,2804410112,Healthcare,Biotechnology,
ZM,"Zoom Communications, Inc.",26175916032,Technology,Software - Application,
ZS,"Zscaler, Inc.",31477710848,Technology,Software - Infrastructure,
ZTO,ZTO Express (Cayman) Inc.,14646744064,Industrials,Integrated Freight & Logistics,
ZTS,Zoetis Inc.,29359538176,Healthcare,Drug Manufacturers - Specialty & Generic,
ZWS,Zurn Elkay Water Solutions Corporation,7737560576,Industrials,Pollution & Treatment Controls,
ZYME,Zymeworks Inc.,1896425088,Healthcare,Biotechnology,
